id,name,email,phone,address,city,state,zip,country,created_at
1,Customer 1,customer1@example.com,555-0001,1 Main St,New York,NY,10001,USA,2024-01-01
2,Customer 2,customer2@example.com,555-0002,2 Main St,New York,NY,10002,USA,2024-01-01
3,Customer 3,customer3@example.com,,3 Main St,New York,NY,10003,USA,2024-01-01
4,Customer 4,customer4@example.com,555-0004,4 Main St,,NY,10004,USA,2024-01-01
5,Customer 5,,555-0005,5 Main St,New York,NY,10005,USA,2024-01-01
6,Customer 6,customer6@example.com,,6 Main St,New York,NY,10006,USA,2024-01-01
7,Customer 7,customer7@example.com,555-0007,7 Main St,New York,NY,10007,USA,2024-01-01
8,Customer 8,customer8@example.com,555-0008,8 Main St,,NY,10008,USA,2024-01-01
9,Customer 9,customer9@example.com,,9 Main St,New York,NY,10009,USA,2024-01-01
10,Customer 10,,555-0010,10 Main St,New York,NY,10010,USA,2024-01-01
11,Customer 11,customer11@example.com,555-0011,11 Main St,New York,NY,10011,USA,2024-01-01
12,Customer 12,customer12@example.com,,12 Main St,,NY,10012,USA,2024-01-01
13,Customer 13,customer13@example.com,555-0013,13 Main St,New York,NY,10013,USA,2024-01-01
14,Customer 14,customer14@example.com,555-0014,14 Main St,New York,NY,10014,USA,2024-01-01
15,Customer 15,,,15 Main St,New York,NY,10015,USA,2024-01-01
16,Customer 16,customer16@example.com,555-0016,16 Main St,,NY,10016,USA,2024-01-01
17,Customer 17,customer17@example.com,555-0017,17 Main St,New York,NY,10017,USA,2024-01-01
18,Customer 18,customer18@example.com,,18 Main St,New York,NY,10018,USA,2024-01-01
19,Customer 19,customer19@example.com,555-0019,19 Main St,New York,NY,10019,USA,2024-01-01
20,Customer 20,,555-0020,20 Main St,,NY,10020,USA,2024-01-01
21,Customer 21,customer21@example.com,,21 Main St,New York,NY,10021,USA,2024-01-01
22,Customer 22,customer22@example.com,555-0022,22 Main St,New York,NY,10022,USA,2024-01-01
23,Customer 23,customer23@example.com,555-0023,23 Main St,New York,NY,10023,USA,2024-01-01
24,Customer 24,customer24@example.com,,24 Main St,,NY,10024,USA,2024-01-01
25,Customer 25,,555-0025,25 Main St,New York,NY,10025,USA,2024-01-01
26,Customer 26,customer26@example.com,555-0026,26 Main St,New York,NY,10026,USA,2024-01-01
27,Customer 27,customer27@example.com,,27 Main St,New York,NY,10027,USA,2024-01-01
28,Customer 28,customer28@example.com,555-0028,28 Main St,,NY,10028,USA,2024-01-01
29,Customer 29,customer29@example.com,555-0029,29 Main St,New York,NY,10029,USA,2024-01-01
30,Customer 30,,,30 Main St,New York,NY,10030,USA,2024-01-01
31,Customer 31,customer31@example.com,555-0031,31 Main St,New York,NY,10031,USA,2024-01-01
32,Customer 32,customer32@example.com,555-0032,32 Main St,,NY,10032,USA,2024-01-01
33,Customer 33,customer33@example.com,,33 Main St,New York,NY,10033,USA,2024-01-01
34,Customer 34,customer34@example.com,555-0034,34 Main St,New York,NY,10034,USA,2024-01-01
35,Customer 35,,555-0035,35 Main St,New York,NY,10035,USA,2024-01-01
36,Customer 36,customer36@example.com,,36 Main St,,NY,10036,USA,2024-01-01
37,Customer 37,customer37@example.com,555-0037,37 Main St,New York,NY,10037,USA,2024-01-01
38,Customer 38,customer38@example.com,555-0038,38 Main St,New York,NY,10038,USA,2024-01-01
39,Customer 39,customer39@example.com,,39 Main St,New York,NY,10039,USA,2024-01-01
40,Customer 40,,555-0040,40 Main St,,NY,10040,USA,2024-01-01
41,Customer 41,customer41@example.com,555-0041,41 Main St,New York,NY,10041,USA,2024-01-01
42,Customer 42,customer42@example.com,,42 Main St,New York,NY,10042,USA,2024-01-01
43,Customer 43,customer43@example.com,555-0043,43 Main St,New York,NY,10043,USA,2024-01-01
44,Customer 44,customer44@example.com,555-0044,44 Main St,,NY,10044,USA,2024-01-01
45,Customer 45,,,45 Main St,New York,NY,10045,USA,2024-01-01
46,Customer 46,customer46@example.com,555-0046,46 Main St,New York,NY,10046,USA,2024-01-01
47,Customer 47,customer47@example.com,555-0047,47 Main St,New York,NY,10047,USA,2024-01-01
48,Customer 48,customer48@example.com,,48 Main St,,NY,10048,USA,2024-01-01
49,Customer 49,customer49@example.com,555-0049,49 Main St,New York,NY,10049,USA,2024-01-01
50,Customer 50,,555-0050,50 Main St,New York,NY,10050,USA,2024-01-01
51,Customer 51,customer51@example.com,,51 Main St,New York,NY,10051,USA,2024-01-01
52,Customer 52,customer52@example.com,555-0052,52 Main St,,NY,10052,USA,2024-01-01
53,Customer 53,customer53@example.com,555-0053,53 Main St,New York,NY,10053,USA,2024-01-01
54,Customer 54,customer54@example.com,,54 Main St,New York,NY,10054,USA,2024-01-01
55,Customer 55,,555-0055,55 Main St,New York,NY,10055,USA,2024-01-01
56,Customer 56,customer56@example.com,555-0056,56 Main St,,NY,10056,USA,2024-01-01
57,Customer 57,customer57@example.com,,57 Main St,New York,NY,10057,USA,2024-01-01
58,Customer 58,customer58@example.com,555-0058,58 Main St,New York,NY,10058,USA,2024-01-01
59,Customer 59,customer59@example.com,555-0059,59 Main St,New York,NY,10059,USA,2024-01-01
60,Customer 60,,,60 Main St,,NY,10060,USA,2024-01-01
61,Customer 61,customer61@example.com,555-0061,61 Main St,New York,NY,10061,USA,2024-01-01
62,Customer 62,customer62@example.com,555-0062,62 Main St,New York,NY,10062,USA,2024-01-01
63,Customer 63,customer63@example.com,,63 Main St,New York,NY,10063,USA,2024-01-01
64,Customer 64,customer64@example.com,555-0064,64 Main St,,NY,10064,USA,2024-01-01
65,Customer 65,,555-0065,65 Main St,New York,NY,10065,USA,2024-01-01
66,Customer 66,customer66@example.com,,66 Main St,New York,NY,10066,USA,2024-01-01
67,Customer 67,customer67@example.com,555-0067,67 Main St,New York,NY,10067,USA,2024-01-01
68,Customer 68,customer68@example.com,555-0068,68 Main St,,NY,10068,USA,2024-01-01
69,Customer 69,customer69@example.com,,69 Main St,New York,NY,10069,USA,2024-01-01
70,Customer 70,,555-0070,70 Main St,New York,NY,10070,USA,2024-01-01
71,Customer 71,customer71@example.com,555-0071,71 Main St,New York,NY,10071,USA,2024-01-01
72,Customer 72,customer72@example.com,,72 Main St,,NY,10072,USA,2024-01-01
73,Customer 73,customer73@example.com,555-0073,73 Main St,New York,NY,10073,USA,2024-01-01
74,Customer 74,customer74@example.com,555-0074,74 Main St,New York,NY,10074,USA,2024-01-01
75,Customer 75,,,75 Main St,New York,NY,10075,USA,2024-01-01
76,Customer 76,customer76@example.com,555-0076,76 Main St,,NY,10076,USA,2024-01-01
77,Customer 77,customer77@example.com,555-0077,77 Main St,New York,NY,10077,USA,2024-01-01
78,Customer 78,customer78@example.com,,78 Main St,New York,NY,10078,USA,2024-01-01
79,Customer 79,customer79@example.com,555-0079,79 Main St,New York,NY,10079,USA,2024-01-01
80,Customer 80,,555-0080,80 Main St,,NY,10080,USA,2024-01-01
81,Customer 81,customer81@example.com,,81 Main St,New York,NY,10081,USA,2024-01-01
82,Customer 82,customer82@example.com,555-0082,82 Main St,New York,NY,10082,USA,2024-01-01
83,Customer 83,customer83@example.com,555-0083,83 Main St,New York,NY,10083,USA,2024-01-01
84,Customer 84,customer84@example.com,,84 Main St,,NY,10084,USA,2024-01-01
85,Customer 85,,555-0085,85 Main St,New York,NY,10085,USA,2024-01-01
86,Customer 86,customer86@example.com,555-0086,86 Main St,New York,NY,10086,USA,2024-01-01
87,Customer 87,customer87@example.com,,87 Main St,New York,NY,10087,USA,2024-01-01
88,Customer 88,customer88@example.com,555-0088,88 Main St,,NY,10088,USA,2024-01-01
89,Customer 89,customer89@example.com,555-0089,89 Main St,New York,NY,10089,USA,2024-01-01
90,Customer 90,,,90 Main St,New York,NY,10090,USA,2024-01-01
91,Customer 91,customer91@example.com,555-0091,91 Main St,New York,NY,10091,USA,2024-01-01
92,Customer 92,customer92@example.com,555-0092,92 Main St,,NY,10092,USA,2024-01-01
93,Customer 93,customer93@example.com,,93 Main St,New York,NY,10093,USA,2024-01-01
94,Customer 94,customer94@example.com,555-0094,94 Main St,New York,NY,10094,USA,2024-01-01
95,Customer 95,,555-0095,95 Main St,New York,NY,10095,USA,2024-01-01
96,Customer 96,customer96@example.com,,96 Main St,,NY,10096,USA,2024-01-01
97,Customer 97,customer97@example.com,555-0097,97 Main St,New York,NY,10097,USA,2024-01-01
98,Customer 98,customer98@example.com,555-0098,98 Main St,New York,NY,10098,USA,2024-01-01
99,Customer 99,customer99@example.com,,99 Main St,New York,NY,10099,USA,2024-01-01
100,Customer 100,,555-0100,100 Main St,,NY,10100,USA,2024-01-01
101,Customer 101,customer101@example.com,555-0101,101 Main St,New York,NY,10101,USA,2024-01-01
102,Customer 102,customer102@example.com,,102 Main St,New York,NY,10102,USA,2024-01-01
103,Customer 103,customer103@example.com,555-0103,103 Main St,New York,NY,10103,USA,2024-01-01
104,Customer 104,customer104@example.com,555-0104,104 Main St,,NY,10104,USA,2024-01-01
105,Customer 105,,,105 Main St,New York,NY,10105,USA,2024-01-01
106,Customer 106,customer106@example.com,555-0106,106 Main St,New York,NY,10106,USA,2024-01-01
107,Customer 107,customer107@example.com,555-0107,107 Main St,New York,NY,10107,USA,2024-01-01
108,Customer 108,customer108@example.com,,108 Main St,,NY,10108,USA,2024-01-01
109,Customer 109,customer109@example.com,555-0109,109 Main St,New York,NY,10109,USA,2024-01-01
110,Customer 110,,555-0110,110 Main St,New York,NY,10110,USA,2024-01-01
111,Customer 111,customer111@example.com,,111 Main St,New York,NY,10111,USA,2024-01-01
112,Customer 112,customer112@example.com,555-0112,112 Main St,,NY,10112,USA,2024-01-01
113,Customer 113,customer113@example.com,555-0113,113 Main St,New York,NY,10113,USA,2024-01-01
114,Customer 114,customer114@example.com,,114 Main St,New York,NY,10114,USA,2024-01-01
115,Customer 115,,555-0115,115 Main St,New York,NY,10115,USA,2024-01-01
116,Customer 116,customer116@example.com,555-0116,116 Main St,,NY,10116,USA,2024-01-01
117,Customer 117,customer117@example.com,,117 Main St,New York,NY,10117,USA,2024-01-01
118,Customer 118,customer118@example.com,555-0118,118 Main St,New York,NY,10118,USA,2024-01-01
119,Customer 119,customer119@example.com,555-0119,119 Main St,New York,NY,10119,USA,2024-01-01
120,Customer 120,,,120 Main St,,NY,10120,USA,2024-01-01
121,Customer 121,customer121@example.com,555-0121,121 Main St,New York,NY,10121,USA,2024-01-01
122,Customer 122,customer122@example.com,555-0122,122 Main St,New York,NY,10122,USA,2024-01-01
123,Customer 123,customer123@example.com,,123 Main St,New York,NY,10123,USA,2024-01-01
124,Customer 124,customer124@example.com,555-0124,124 Main St,,NY,10124,USA,2024-01-01
125,Customer 125,,555-0125,125 Main St,New York,NY,10125,USA,2024-01-01
126,Customer 126,customer126@example.com,,126 Main St,New York,NY,10126,USA,2024-01-01
127,Customer 127,customer127@example.com,555-0127,127 Main St,New York,NY,10127,USA,2024-01-01
128,Customer 128,customer128@example.com,555-0128,128 Main St,,NY,10128,USA,2024-01-01
129,Customer 129,customer129@example.com,,129 Main St,New York,NY,10129,USA,2024-01-01
130,Customer 130,,555-0130,130 Main St,New York,NY,10130,USA,2024-01-01
131,Customer 131,customer131@example.com,555-0131,131 Main St,New York,NY,10131,USA,2024-01-01
132,Customer 132,customer132@example.com,,132 Main St,,NY,10132,USA,2024-01-01
133,Customer 133,customer133@example.com,555-0133,133 Main St,New York,NY,10133,USA,2024-01-01
134,Customer 134,customer134@example.com,555-0134,134 Main St,New York,NY,10134,USA,2024-01-01
135,Customer 135,,,135 Main St,New York,NY,10135,USA,2024-01-01
136,Customer 136,customer136@example.com,555-0136,136 Main St,,NY,10136,USA,2024-01-01
137,Customer 137,customer137@example.com,555-0137,137 Main St,New York,NY,10137,USA,2024-01-01
138,Customer 138,customer138@example.com,,138 Main St,New York,NY,10138,USA,2024-01-01
139,Customer 139,customer139@example.com,555-0139,139 Main St,New York,NY,10139,USA,2024-01-01
140,Customer 140,,555-0140,140 Main St,,NY,10140,USA,2024-01-01
141,Customer 141,customer141@example.com,,141 Main St,New York,NY,10141,USA,2024-01-01
142,Customer 142,customer142@example.com,555-0142,142 Main St,New York,NY,10142,USA,2024-01-01
143,Customer 143,customer143@example.com,555-0143,143 Main St,New York,NY,10143,USA,2024-01-01
144,Customer 144,customer144@example.com,,144 Main St,,NY,10144,USA,2024-01-01
145,Customer 145,,555-0145,145 Main St,New York,NY,10145,USA,2024-01-01
146,Customer 146,customer146@example.com,555-0146,146 Main St,New York,NY,10146,USA,2024-01-01
147,Customer 147,customer147@example.com,,147 Main St,New York,NY,10147,USA,2024-01-01
148,Customer 148,customer148@example.com,555-0148,148 Main St,,NY,10148,USA,2024-01-01
149,Customer 149,customer149@example.com,555-0149,149 Main St,New York,NY,10149,USA,2024-01-01
150,Customer 150,,,150 Main St,New York,NY,10150,USA,2024-01-01
151,Customer 151,customer151@example.com,555-0151,151 Main St,New York,NY,10151,USA,2024-01-01
152,Customer 152,customer152@example.com,555-0152,152 Main St,,NY,10152,USA,2024-01-01
153,Customer 153,customer153@example.com,,153 Main St,New York,NY,10153,USA,2024-01-01
154,Customer 154,customer154@example.com,555-0154,154 Main St,New York,NY,10154,USA,2024-01-01
155,Customer 155,,555-0155,155 Main St,New York,NY,10155,USA,2024-01-01
156,Customer 156,customer156@example.com,,156 Main St,,NY,10156,USA,2024-01-01
157,Customer 157,customer157@example.com,555-0157,157 Main St,New York,NY,10157,USA,2024-01-01
158,Customer 158,customer158@example.com,555-0158,158 Main St,New York,NY,10158,USA,2024-01-01
159,Customer 159,customer159@example.com,,159 Main St,New York,NY,10159,USA,2024-01-01
160,Customer 160,,555-0160,160 Main St,,NY,10160,USA,2024-01-01
161,Customer 161,customer161@example.com,555-0161,161 Main St,New York,NY,10161,USA,2024-01-01
162,Customer 162,customer162@example.com,,162 Main St,New York,NY,10162,USA,2024-01-01
163,Customer 163,customer163@example.com,555-0163,163 Main St,New York,NY,10163,USA,2024-01-01
164,Customer 164,customer164@example.com,555-0164,164 Main St,,NY,10164,USA,2024-01-01
165,Customer 165,,,165 Main St,New York,NY,10165,USA,2024-01-01
166,Customer 166,customer166@example.com,555-0166,166 Main St,New York,NY,10166,USA,2024-01-01
167,Customer 167,customer167@example.com,555-0167,167 Main St,New York,NY,10167,USA,2024-01-01
168,Customer 168,customer168@example.com,,168 Main St,,NY,10168,USA,2024-01-01
169,Customer 169,customer169@example.com,555-0169,169 Main St,New York,NY,10169,USA,2024-01-01
170,Customer 170,,555-0170,170 Main St,New York,NY,10170,USA,2024-01-01
171,Customer 171,customer171@example.com,,171 Main St,New York,NY,10171,USA,2024-01-01
172,Customer 172,customer172@example.com,555-0172,172 Main St,,NY,10172,USA,2024-01-01
173,Customer 173,customer173@example.com,555-0173,173 Main St,New York,NY,10173,USA,2024-01-01
174,Customer 174,customer174@example.com,,174 Main St,New York,NY,10174,USA,2024-01-01
175,Customer 175,,555-0175,175 Main St,New York,NY,10175,USA,2024-01-01
176,Customer 176,customer176@example.com,555-0176,176 Main St,,NY,10176,USA,2024-01-01
177,Customer 177,customer177@example.com,,177 Main St,New York,NY,10177,USA,2024-01-01
178,Customer 178,customer178@example.com,555-0178,178 Main St,New York,NY,10178,USA,2024-01-01
179,Customer 179,customer179@example.com,555-0179,179 Main St,New York,NY,10179,USA,2024-01-01
180,Customer 180,,,180 Main St,,NY,10180,USA,2024-01-01
181,Customer 181,customer181@example.com,555-0181,181 Main St,New York,NY,10181,USA,2024-01-01
182,Customer 182,customer182@example.com,555-0182,182 Main St,New York,NY,10182,USA,2024-01-01
183,Customer 183,customer183@example.com,,183 Main St,New York,NY,10183,USA,2024-01-01
184,Customer 184,customer184@example.com,555-0184,184 Main St,,NY,10184,USA,2024-01-01
185,Customer 185,,555-0185,185 Main St,New York,NY,10185,USA,2024-01-01
186,Customer 186,customer186@example.com,,186 Main St,New York,NY,10186,USA,2024-01-01
187,Customer 187,customer187@example.com,555-0187,187 Main St,New York,NY,10187,USA,2024-01-01
188,Customer 188,customer188@example.com,555-0188,188 Main St,,NY,10188,USA,2024-01-01
189,Customer 189,customer189@example.com,,189 Main St,New York,NY,10189,USA,2024-01-01
190,Customer 190,,555-0190,190 Main St,New York,NY,10190,USA,2024-01-01
191,Customer 191,customer191@example.com,555-0191,191 Main St,New York,NY,10191,USA,2024-01-01
192,Customer 192,customer192@example.com,,192 Main St,,NY,10192,USA,2024-01-01
193,Customer 193,customer193@example.com,555-0193,193 Main St,New York,NY,10193,USA,2024-01-01
194,Customer 194,customer194@example.com,555-0194,194 Main St,New York,NY,10194,USA,2024-01-01
195,Customer 195,,,195 Main St,New York,NY,10195,USA,2024-01-01
196,Customer 196,customer196@example.com,555-0196,196 Main St,,NY,10196,USA,2024-01-01
197,Customer 197,customer197@example.com,555-0197,197 Main St,New York,NY,10197,USA,2024-01-01
198,Customer 198,customer198@example.com,,198 Main St,New York,NY,10198,USA,2024-01-01
199,Customer 199,customer199@example.com,555-0199,199 Main St,New York,NY,10199,USA,2024-01-01
200,Customer 200,,555-0200,200 Main St,,NY,10200,USA,2024-01-01
201,Customer 201,customer201@example.com,,201 Main St,New York,NY,10201,USA,2024-01-01
202,Customer 202,customer202@example.com,555-0202,202 Main St,New York,NY,10202,USA,2024-01-01
203,Customer 203,customer203@example.com,555-0203,203 Main St,New York,NY,10203,USA,2024-01-01
204,Customer 204,customer204@example.com,,204 Main St,,NY,10204,USA,2024-01-01
205,Customer 205,,555-0205,205 Main St,New York,NY,10205,USA,2024-01-01
206,Customer 206,customer206@example.com,555-0206,206 Main St,New York,NY,10206,USA,2024-01-01
207,Customer 207,customer207@example.com,,207 Main St,New York,NY,10207,USA,2024-01-01
208,Customer 208,customer208@example.com,555-0208,208 Main St,,NY,10208,USA,2024-01-01
209,Customer 209,customer209@example.com,555-0209,209 Main St,New York,NY,10209,USA,2024-01-01
210,Customer 210,,,210 Main St,New York,NY,10210,USA,2024-01-01
211,Customer 211,customer211@example.com,555-0211,211 Main St,New York,NY,10211,USA,2024-01-01
212,Customer 212,customer212@example.com,555-0212,212 Main St,,NY,10212,USA,2024-01-01
213,Customer 213,customer213@example.com,,213 Main St,New York,NY,10213,USA,2024-01-01
214,Customer 214,customer214@example.com,555-0214,214 Main St,New York,NY,10214,USA,2024-01-01
215,Customer 215,,555-0215,215 Main St,New York,NY,10215,USA,2024-01-01
216,Customer 216,customer216@example.com,,216 Main St,,NY,10216,USA,2024-01-01
217,Customer 217,customer217@example.com,555-0217,217 Main St,New York,NY,10217,USA,2024-01-01
218,Customer 218,customer218@example.com,555-0218,218 Main St,New York,NY,10218,USA,2024-01-01
219,Customer 219,customer219@example.com,,219 Main St,New York,NY,10219,USA,2024-01-01
220,Customer 220,,555-0220,220 Main St,,NY,10220,USA,2024-01-01
221,Customer 221,customer221@example.com,555-0221,221 Main St,New York,NY,10221,USA,2024-01-01
222,Customer 222,customer222@example.com,,222 Main St,New York,NY,10222,USA,2024-01-01
223,Customer 223,customer223@example.com,555-0223,223 Main St,New York,NY,10223,USA,2024-01-01
224,Customer 224,customer224@example.com,555-0224,224 Main St,,NY,10224,USA,2024-01-01
225,Customer 225,,,225 Main St,New York,NY,10225,USA,2024-01-01
226,Customer 226,customer226@example.com,555-0226,226 Main St,New York,NY,10226,USA,2024-01-01
227,Customer 227,customer227@example.com,555-0227,227 Main St,New York,NY,10227,USA,2024-01-01
228,Customer 228,customer228@example.com,,228 Main St,,NY,10228,USA,2024-01-01
229,Customer 229,customer229@example.com,555-0229,229 Main St,New York,NY,10229,USA,2024-01-01
230,Customer 230,,555-0230,230 Main St,New York,NY,10230,USA,2024-01-01
231,Customer 231,customer231@example.com,,231 Main St,New York,NY,10231,USA,2024-01-01
232,Customer 232,customer232@example.com,555-0232,232 Main St,,NY,10232,USA,2024-01-01
233,Customer 233,customer233@example.com,555-0233,233 Main St,New York,NY,10233,USA,2024-01-01
234,Customer 234,customer234@example.com,,234 Main St,New York,NY,10234,USA,2024-01-01
235,Customer 235,,555-0235,235 Main St,New York,NY,10235,USA,2024-01-01
236,Customer 236,customer236@example.com,555-0236,236 Main St,,NY,10236,USA,2024-01-01
237,Customer 237,customer237@example.com,,237 Main St,New York,NY,10237,USA,2024-01-01
238,Customer 238,customer238@example.com,555-0238,238 Main St,New York,NY,10238,USA,2024-01-01
239,Customer 239,customer239@example.com,555-0239,239 Main St,New York,NY,10239,USA,2024-01-01
240,Customer 240,,,240 Main St,,NY,10240,USA,2024-01-01
241,Customer 241,customer241@example.com,555-0241,241 Main St,New York,NY,10241,USA,2024-01-01
242,Customer 242,customer242@example.com,555-0242,242 Main St,New York,NY,10242,USA,2024-01-01
243,Customer 243,customer243@example.com,,243 Main St,New York,NY,10243,USA,2024-01-01
244,Customer 244,customer244@example.com,555-0244,244 Main St,,NY,10244,USA,2024-01-01
245,Customer 245,,555-0245,245 Main St,New York,NY,10245,USA,2024-01-01
246,Customer 246,customer246@example.com,,246 Main St,New York,NY,10246,USA,2024-01-01
247,Customer 247,customer247@example.com,555-0247,247 Main St,New York,NY,10247,USA,2024-01-01
248,Customer 248,customer248@example.com,555-0248,248 Main St,,NY,10248,USA,2024-01-01
249,Customer 249,customer249@example.com,,249 Main St,New York,NY,10249,USA,2024-01-01
250,Customer 250,,555-0250,250 Main St,New York,NY,10250,USA,2024-01-01
251,Customer 251,customer251@example.com,555-0251,251 Main St,New York,NY,10251,USA,2024-01-01
252,Customer 252,customer252@example.com,,252 Main St,,NY,10252,USA,2024-01-01
253,Customer 253,customer253@example.com,555-0253,253 Main St,New York,NY,10253,USA,2024-01-01
254,Customer 254,customer254@example.com,555-0254,254 Main St,New York,NY,10254,USA,2024-01-01
255,Customer 255,,,255 Main St,New York,NY,10255,USA,2024-01-01
256,Customer 256,customer256@example.com,555-0256,256 Main St,,NY,10256,USA,2024-01-01
257,Customer 257,customer257@example.com,555-0257,257 Main St,New York,NY,10257,USA,2024-01-01
258,Customer 258,customer258@example.com,,258 Main St,New York,NY,10258,USA,2024-01-01
259,Customer 259,customer259@example.com,555-0259,259 Main St,New York,NY,10259,USA,2024-01-01
260,Customer 260,,555-0260,260 Main St,,NY,10260,USA,2024-01-01
261,Customer 261,customer261@example.com,,261 Main St,New York,NY,10261,USA,2024-01-01
262,Customer 262,customer262@example.com,555-0262,262 Main St,New York,NY,10262,USA,2024-01-01
263,Customer 263,customer263@example.com,555-0263,263 Main St,New York,NY,10263,USA,2024-01-01
264,Customer 264,customer264@example.com,,264 Main St,,NY,10264,USA,2024-01-01
265,Customer 265,,555-0265,265 Main St,New York,NY,10265,USA,2024-01-01
266,Customer 266,customer266@example.com,555-0266,266 Main St,New York,NY,10266,USA,2024-01-01
267,Customer 267,customer267@example.com,,267 Main St,New York,NY,10267,USA,2024-01-01
268,Customer 268,customer268@example.com,555-0268,268 Main St,,NY,10268,USA,2024-01-01
269,Customer 269,customer269@example.com,555-0269,269 Main St,New York,NY,10269,USA,2024-01-01
270,Customer 270,,,270 Main St,New York,NY,10270,USA,2024-01-01
271,Customer 271,customer271@example.com,555-0271,271 Main St,New York,NY,10271,USA,2024-01-01
272,Customer 272,customer272@example.com,555-0272,272 Main St,,NY,10272,USA,2024-01-01
273,Customer 273,customer273@example.com,,273 Main St,New York,NY,10273,USA,2024-01-01
274,Customer 274,customer274@example.com,555-0274,274 Main St,New York,NY,10274,USA,2024-01-01
275,Customer 275,,555-0275,275 Main St,New York,NY,10275,USA,2024-01-01
276,Customer 276,customer276@example.com,,276 Main St,,NY,10276,USA,2024-01-01
277,Customer 277,customer277@example.com,555-0277,277 Main St,New York,NY,10277,USA,2024-01-01
278,Customer 278,customer278@example.com,555-0278,278 Main St,New York,NY,10278,USA,2024-01-01
279,Customer 279,customer279@example.com,,279 Main St,New York,NY,10279,USA,2024-01-01
280,Customer 280,,555-0280,280 Main St,,NY,10280,USA,2024-01-01
281,Customer 281,customer281@example.com,555-0281,281 Main St,New York,NY,10281,USA,2024-01-01
282,Customer 282,customer282@example.com,,282 Main St,New York,NY,10282,USA,2024-01-01
283,Customer 283,customer283@example.com,555-0283,283 Main St,New York,NY,10283,USA,2024-01-01
284,Customer 284,customer284@example.com,555-0284,284 Main St,,NY,10284,USA,2024-01-01
285,Customer 285,,,285 Main St,New York,NY,10285,USA,2024-01-01
286,Customer 286,customer286@example.com,555-0286,286 Main St,New York,NY,10286,USA,2024-01-01
287,Customer 287,customer287@example.com,555-0287,287 Main St,New York,NY,10287,USA,2024-01-01
288,Customer 288,customer288@example.com,,288 Main St,,NY,10288,USA,2024-01-01
289,Customer 289,customer289@example.com,555-0289,289 Main St,New York,NY,10289,USA,2024-01-01
290,Customer 290,,555-0290,290 Main St,New York,NY,10290,USA,2024-01-01
291,Customer 291,customer291@example.com,,291 Main St,New York,NY,10291,USA,2024-01-01
292,Customer 292,customer292@example.com,555-0292,292 Main St,,NY,10292,USA,2024-01-01
293,Customer 293,customer293@example.com,555-0293,293 Main St,New York,NY,10293,USA,2024-01-01
294,Customer 294,customer294@example.com,,294 Main St,New York,NY,10294,USA,2024-01-01
295,Customer 295,,555-0295,295 Main St,New York,NY,10295,USA,2024-01-01
296,Customer 296,customer296@example.com,555-0296,296 Main St,,NY,10296,USA,2024-01-01
297,Customer 297,customer297@example.com,,297 Main St,New York,NY,10297,USA,2024-01-01
298,Customer 298,customer298@example.com,555-0298,298 Main St,New York,NY,10298,USA,2024-01-01
299,Customer 299,customer299@example.com,555-0299,299 Main St,New York,NY,10299,USA,2024-01-01
300,Customer 300,,,300 Main St,,NY,10300,USA,2024-01-01
301,Customer 301,customer301@example.com,555-0301,301 Main St,New York,NY,10301,USA,2024-01-01
302,Customer 302,customer302@example.com,555-0302,302 Main St,New York,NY,10302,USA,2024-01-01
303,Customer 303,customer303@example.com,,303 Main St,New York,NY,10303,USA,2024-01-01
304,Customer 304,customer304@example.com,555-0304,304 Main St,,NY,10304,USA,2024-01-01
305,Customer 305,,555-0305,305 Main St,New York,NY,10305,USA,2024-01-01
306,Customer 306,customer306@example.com,,306 Main St,New York,NY,10306,USA,2024-01-01
307,Customer 307,customer307@example.com,555-0307,307 Main St,New York,NY,10307,USA,2024-01-01
308,Customer 308,customer308@example.com,555-0308,308 Main St,,NY,10308,USA,2024-01-01
309,Customer 309,customer309@example.com,,309 Main St,New York,NY,10309,USA,2024-01-01
310,Customer 310,,555-0310,310 Main St,New York,NY,10310,USA,2024-01-01
311,Customer 311,customer311@example.com,555-0311,311 Main St,New York,NY,10311,USA,2024-01-01
312,Customer 312,customer312@example.com,,312 Main St,,NY,10312,USA,2024-01-01
313,Customer 313,customer313@example.com,555-0313,313 Main St,New York,NY,10313,USA,2024-01-01
314,Customer 314,customer314@example.com,555-0314,314 Main St,New York,NY,10314,USA,2024-01-01
315,Customer 315,,,315 Main St,New York,NY,10315,USA,2024-01-01
316,Customer 316,customer316@example.com,555-0316,316 Main St,,NY,10316,USA,2024-01-01
317,Customer 317,customer317@example.com,555-0317,317 Main St,New York,NY,10317,USA,2024-01-01
318,Customer 318,customer318@example.com,,318 Main St,New York,NY,10318,USA,2024-01-01
319,Customer 319,customer319@example.com,555-0319,319 Main St,New York,NY,10319,USA,2024-01-01
320,Customer 320,,555-0320,320 Main St,,NY,10320,USA,2024-01-01
321,Customer 321,customer321@example.com,,321 Main St,New York,NY,10321,USA,2024-01-01
322,Customer 322,customer322@example.com,555-0322,322 Main St,New York,NY,10322,USA,2024-01-01
323,Customer 323,customer323@example.com,555-0323,323 Main St,New York,NY,10323,USA,2024-01-01
324,Customer 324,customer324@example.com,,324 Main St,,NY,10324,USA,2024-01-01
325,Customer 325,,555-0325,325 Main St,New York,NY,10325,USA,2024-01-01
326,Customer 326,customer326@example.com,555-0326,326 Main St,New York,NY,10326,USA,2024-01-01
327,Customer 327,customer327@example.com,,327 Main St,New York,NY,10327,USA,2024-01-01
328,Customer 328,customer328@example.com,555-0328,328 Main St,,NY,10328,USA,2024-01-01
329,Customer 329,customer329@example.com,555-0329,329 Main St,New York,NY,10329,USA,2024-01-01
330,Customer 330,,,330 Main St,New York,NY,10330,USA,2024-01-01
331,Customer 331,customer331@example.com,555-0331,331 Main St,New York,NY,10331,USA,2024-01-01
332,Customer 332,customer332@example.com,555-0332,332 Main St,,NY,10332,USA,2024-01-01
333,Customer 333,customer333@example.com,,333 Main St,New York,NY,10333,USA,2024-01-01
334,Customer 334,customer334@example.com,555-0334,334 Main St,New York,NY,10334,USA,2024-01-01
335,Customer 335,,555-0335,335 Main St,New York,NY,10335,USA,2024-01-01
336,Customer 336,customer336@example.com,,336 Main St,,NY,10336,USA,2024-01-01
337,Customer 337,customer337@example.com,555-0337,337 Main St,New York,NY,10337,USA,2024-01-01
338,Customer 338,customer338@example.com,555-0338,338 Main St,New York,NY,10338,USA,2024-01-01
339,Customer 339,customer339@example.com,,339 Main St,New York,NY,10339,USA,2024-01-01
340,Customer 340,,555-0340,340 Main St,,NY,10340,USA,2024-01-01
341,Customer 341,customer341@example.com,555-0341,341 Main St,New York,NY,10341,USA,2024-01-01
342,Customer 342,customer342@example.com,,342 Main St,New York,NY,10342,USA,2024-01-01
343,Customer 343,customer343@example.com,555-0343,343 Main St,New York,NY,10343,USA,2024-01-01
344,Customer 344,customer344@example.com,555-0344,344 Main St,,NY,10344,USA,2024-01-01
345,Customer 345,,,345 Main St,New York,NY,10345,USA,2024-01-01
346,Customer 346,customer346@example.com,555-0346,346 Main St,New York,NY,10346,USA,2024-01-01
347,Customer 347,customer347@example.com,555-0347,347 Main St,New York,NY,10347,USA,2024-01-01
348,Customer 348,customer348@example.com,,348 Main St,,NY,10348,USA,2024-01-01
349,Customer 349,customer349@example.com,555-0349,349 Main St,New York,NY,10349,USA,2024-01-01
350,Customer 350,,555-0350,350 Main St,New York,NY,10350,USA,2024-01-01
351,Customer 351,customer351@example.com,,351 Main St,New York,NY,10351,USA,2024-01-01
352,Customer 352,customer352@example.com,555-0352,352 Main St,,NY,10352,USA,2024-01-01
353,Customer 353,customer353@example.com,555-0353,353 Main St,New York,NY,10353,USA,2024-01-01
354,Customer 354,customer354@example.com,,354 Main St,New York,NY,10354,USA,2024-01-01
355,Customer 355,,555-0355,355 Main St,New York,NY,10355,USA,2024-01-01
356,Customer 356,customer356@example.com,555-0356,356 Main St,,NY,10356,USA,2024-01-01
357,Customer 357,customer357@example.com,,357 Main St,New York,NY,10357,USA,2024-01-01
358,Customer 358,customer358@example.com,555-0358,358 Main St,New York,NY,10358,USA,2024-01-01
359,Customer 359,customer359@example.com,555-0359,359 Main St,New York,NY,10359,USA,2024-01-01
360,Customer 360,,,360 Main St,,NY,10360,USA,2024-01-01
361,Customer 361,customer361@example.com,555-0361,361 Main St,New York,NY,10361,USA,2024-01-01
362,Customer 362,customer362@example.com,555-0362,362 Main St,New York,NY,10362,USA,2024-01-01
363,Customer 363,customer363@example.com,,363 Main St,New York,NY,10363,USA,2024-01-01
364,Customer 364,customer364@example.com,555-0364,364 Main St,,NY,10364,USA,2024-01-01
365,Customer 365,,555-0365,365 Main St,New York,NY,10365,USA,2024-01-01
366,Customer 366,customer366@example.com,,366 Main St,New York,NY,10366,USA,2024-01-01
367,Customer 367,customer367@example.com,555-0367,367 Main St,New York,NY,10367,USA,2024-01-01
368,Customer 368,customer368@example.com,555-0368,368 Main St,,NY,10368,USA,2024-01-01
369,Customer 369,customer369@example.com,,369 Main St,New York,NY,10369,USA,2024-01-01
370,Customer 370,,555-0370,370 Main St,New York,NY,10370,USA,2024-01-01
371,Customer 371,customer371@example.com,555-0371,371 Main St,New York,NY,10371,USA,2024-01-01
372,Customer 372,customer372@example.com,,372 Main St,,NY,10372,USA,2024-01-01
373,Customer 373,customer373@example.com,555-0373,373 Main St,New York,NY,10373,USA,2024-01-01
374,Customer 374,customer374@example.com,555-0374,374 Main St,New York,NY,10374,USA,2024-01-01
375,Customer 375,,,375 Main St,New York,NY,10375,USA,2024-01-01
376,Customer 376,customer376@example.com,555-0376,376 Main St,,NY,10376,USA,2024-01-01
377,Customer 377,customer377@example.com,555-0377,377 Main St,New York,NY,10377,USA,2024-01-01
378,Customer 378,customer378@example.com,,378 Main St,New York,NY,10378,USA,2024-01-01
379,Customer 379,customer379@example.com,555-0379,379 Main St,New York,NY,10379,USA,2024-01-01
380,Customer 380,,555-0380,380 Main St,,NY,10380,USA,2024-01-01
381,Customer 381,customer381@example.com,,381 Main St,New York,NY,10381,USA,2024-01-01
382,Customer 382,customer382@example.com,555-0382,382 Main St,New York,NY,10382,USA,2024-01-01
383,Customer 383,customer383@example.com,555-0383,383 Main St,New York,NY,10383,USA,2024-01-01
384,Customer 384,customer384@example.com,,384 Main St,,NY,10384,USA,2024-01-01
385,Customer 385,,555-0385,385 Main St,New York,NY,10385,USA,2024-01-01
386,Customer 386,customer386@example.com,555-0386,386 Main St,New York,NY,10386,USA,2024-01-01
387,Customer 387,customer387@example.com,,387 Main St,New York,NY,10387,USA,2024-01-01
388,Customer 388,customer388@example.com,555-0388,388 Main St,,NY,10388,USA,2024-01-01
389,Customer 389,customer389@example.com,555-0389,389 Main St,New York,NY,10389,USA,2024-01-01
390,Customer 390,,,390 Main St,New York,NY,10390,USA,2024-01-01
391,Customer 391,customer391@example.com,555-0391,391 Main St,New York,NY,10391,USA,2024-01-01
392,Customer 392,customer392@example.com,555-0392,392 Main St,,NY,10392,USA,2024-01-01
393,Customer 393,customer393@example.com,,393 Main St,New York,NY,10393,USA,2024-01-01
394,Customer 394,customer394@example.com,555-0394,394 Main St,New York,NY,10394,USA,2024-01-01
395,Customer 395,,555-0395,395 Main St,New York,NY,10395,USA,2024-01-01
396,Customer 396,customer396@example.com,,396 Main St,,NY,10396,USA,2024-01-01
397,Customer 397,customer397@example.com,555-0397,397 Main St,New York,NY,10397,USA,2024-01-01
398,Customer 398,customer398@example.com,555-0398,398 Main St,New York,NY,10398,USA,2024-01-01
399,Customer 399,customer399@example.com,,399 Main St,New York,NY,10399,USA,2024-01-01
400,Customer 400,,555-0400,400 Main St,,NY,10400,USA,2024-01-01
401,Customer 401,customer401@example.com,555-0401,401 Main St,New York,NY,10401,USA,2024-01-01
402,Customer 402,customer402@example.com,,402 Main St,New York,NY,10402,USA,2024-01-01
403,Customer 403,customer403@example.com,555-0403,403 Main St,New York,NY,10403,USA,2024-01-01
404,Customer 404,customer404@example.com,555-0404,404 Main St,,NY,10404,USA,2024-01-01
405,Customer 405,,,405 Main St,New York,NY,10405,USA,2024-01-01
406,Customer 406,customer406@example.com,555-0406,406 Main St,New York,NY,10406,USA,2024-01-01
407,Customer 407,customer407@example.com,555-0407,407 Main St,New York,NY,10407,USA,2024-01-01
408,Customer 408,customer408@example.com,,408 Main St,,NY,10408,USA,2024-01-01
409,Customer 409,customer409@example.com,555-0409,409 Main St,New York,NY,10409,USA,2024-01-01
410,Customer 410,,555-0410,410 Main St,New York,NY,10410,USA,2024-01-01
411,Customer 411,customer411@example.com,,411 Main St,New York,NY,10411,USA,2024-01-01
412,Customer 412,customer412@example.com,555-0412,412 Main St,,NY,10412,USA,2024-01-01
413,Customer 413,customer413@example.com,555-0413,413 Main St,New York,NY,10413,USA,2024-01-01
414,Customer 414,customer414@example.com,,414 Main St,New York,NY,10414,USA,2024-01-01
415,Customer 415,,555-0415,415 Main St,New York,NY,10415,USA,2024-01-01
416,Customer 416,customer416@example.com,555-0416,416 Main St,,NY,10416,USA,2024-01-01
417,Customer 417,customer417@example.com,,417 Main St,New York,NY,10417,USA,2024-01-01
418,Customer 418,customer418@example.com,555-0418,418 Main St,New York,NY,10418,USA,2024-01-01
419,Customer 419,customer419@example.com,555-0419,419 Main St,New York,NY,10419,USA,2024-01-01
420,Customer 420,,,420 Main St,,NY,10420,USA,2024-01-01
421,Customer 421,customer421@example.com,555-0421,421 Main St,New York,NY,10421,USA,2024-01-01
422,Customer 422,customer422@example.com,555-0422,422 Main St,New York,NY,10422,USA,2024-01-01
423,Customer 423,customer423@example.com,,423 Main St,New York,NY,10423,USA,2024-01-01
424,Customer 424,customer424@example.com,555-0424,424 Main St,,NY,10424,USA,2024-01-01
425,Customer 425,,555-0425,425 Main St,New York,NY,10425,USA,2024-01-01
426,Customer 426,customer426@example.com,,426 Main St,New York,NY,10426,USA,2024-01-01
427,Customer 427,customer427@example.com,555-0427,427 Main St,New York,NY,10427,USA,2024-01-01
428,Customer 428,customer428@example.com,555-0428,428 Main St,,NY,10428,USA,2024-01-01
429,Customer 429,customer429@example.com,,429 Main St,New York,NY,10429,USA,2024-01-01
430,Customer 430,,555-0430,430 Main St,New York,NY,10430,USA,2024-01-01
431,Customer 431,customer431@example.com,555-0431,431 Main St,New York,NY,10431,USA,2024-01-01
432,Customer 432,customer432@example.com,,432 Main St,,NY,10432,USA,2024-01-01
433,Customer 433,customer433@example.com,555-0433,433 Main St,New York,NY,10433,USA,2024-01-01
434,Customer 434,customer434@example.com,555-0434,434 Main St,New York,NY,10434,USA,2024-01-01
435,Customer 435,,,435 Main St,New York,NY,10435,USA,2024-01-01
436,Customer 436,customer436@example.com,555-0436,436 Main St,,NY,10436,USA,2024-01-01
437,Customer 437,customer437@example.com,555-0437,437 Main St,New York,NY,10437,USA,2024-01-01
438,Customer 438,customer438@example.com,,438 Main St,New York,NY,10438,USA,2024-01-01
439,Customer 439,customer439@example.com,555-0439,439 Main St,New York,NY,10439,USA,2024-01-01
440,Customer 440,,555-0440,440 Main St,,NY,10440,USA,2024-01-01
441,Customer 441,customer441@example.com,,441 Main St,New York,NY,10441,USA,2024-01-01
442,Customer 442,customer442@example.com,555-0442,442 Main St,New York,NY,10442,USA,2024-01-01
443,Customer 443,customer443@example.com,555-0443,443 Main St,New York,NY,10443,USA,2024-01-01
444,Customer 444,customer444@example.com,,444 Main St,,NY,10444,USA,2024-01-01
445,Customer 445,,555-0445,445 Main St,New York,NY,10445,USA,2024-01-01
446,Customer 446,customer446@example.com,555-0446,446 Main St,New York,NY,10446,USA,2024-01-01
447,Customer 447,customer447@example.com,,447 Main St,New York,NY,10447,USA,2024-01-01
448,Customer 448,customer448@example.com,555-0448,448 Main St,,NY,10448,USA,2024-01-01
449,Customer 449,customer449@example.com,555-0449,449 Main St,New York,NY,10449,USA,2024-01-01
450,Customer 450,,,450 Main St,New York,NY,10450,USA,2024-01-01
451,Customer 451,customer451@example.com,555-0451,451 Main St,New York,NY,10451,USA,2024-01-01
452,Customer 452,customer452@example.com,555-0452,452 Main St,,NY,10452,USA,2024-01-01
453,Customer 453,customer453@example.com,,453 Main St,New York,NY,10453,USA,2024-01-01
454,Customer 454,customer454@example.com,555-0454,454 Main St,New York,NY,10454,USA,2024-01-01
455,Customer 455,,555-0455,455 Main St,New York,NY,10455,USA,2024-01-01
456,Customer 456,customer456@example.com,,456 Main St,,NY,10456,USA,2024-01-01
457,Customer 457,customer457@example.com,555-0457,457 Main St,New York,NY,10457,USA,2024-01-01
458,Customer 458,customer458@example.com,555-0458,458 Main St,New York,NY,10458,USA,2024-01-01
459,Customer 459,customer459@example.com,,459 Main St,New York,NY,10459,USA,2024-01-01
460,Customer 460,,555-0460,460 Main St,,NY,10460,USA,2024-01-01
461,Customer 461,customer461@example.com,555-0461,461 Main St,New York,NY,10461,USA,2024-01-01
462,Customer 462,customer462@example.com,,462 Main St,New York,NY,10462,USA,2024-01-01
463,Customer 463,customer463@example.com,555-0463,463 Main St,New York,NY,10463,USA,2024-01-01
464,Customer 464,customer464@example.com,555-0464,464 Main St,,NY,10464,USA,2024-01-01
465,Customer 465,,,465 Main St,New York,NY,10465,USA,2024-01-01
466,Customer 466,customer466@example.com,555-0466,466 Main St,New York,NY,10466,USA,2024-01-01
467,Customer 467,customer467@example.com,555-0467,467 Main St,New York,NY,10467,USA,2024-01-01
468,Customer 468,customer468@example.com,,468 Main St,,NY,10468,USA,2024-01-01
469,Customer 469,customer469@example.com,555-0469,469 Main St,New York,NY,10469,USA,2024-01-01
470,Customer 470,,555-0470,470 Main St,New York,NY,10470,USA,2024-01-01
471,Customer 471,customer471@example.com,,471 Main St,New York,NY,10471,USA,2024-01-01
472,Customer 472,customer472@example.com,555-0472,472 Main St,,NY,10472,USA,2024-01-01
473,Customer 473,customer473@example.com,555-0473,473 Main St,New York,NY,10473,USA,2024-01-01
474,Customer 474,customer474@example.com,,474 Main St,New York,NY,10474,USA,2024-01-01
475,Customer 475,,555-0475,475 Main St,New York,NY,10475,USA,2024-01-01
476,Customer 476,customer476@example.com,555-0476,476 Main St,,NY,10476,USA,2024-01-01
477,Customer 477,customer477@example.com,,477 Main St,New York,NY,10477,USA,2024-01-01
478,Customer 478,customer478@example.com,555-0478,478 Main St,New York,NY,10478,USA,2024-01-01
479,Customer 479,customer479@example.com,555-0479,479 Main St,New York,NY,10479,USA,2024-01-01
480,Customer 480,,,480 Main St,,NY,10480,USA,2024-01-01
481,Customer 481,customer481@example.com,555-0481,481 Main St,New York,NY,10481,USA,2024-01-01
482,Customer 482,customer482@example.com,555-0482,482 Main St,New York,NY,10482,USA,2024-01-01
483,Customer 483,customer483@example.com,,483 Main St,New York,NY,10483,USA,2024-01-01
484,Customer 484,customer484@example.com,555-0484,484 Main St,,NY,10484,USA,2024-01-01
485,Customer 485,,555-0485,485 Main St,New York,NY,10485,USA,2024-01-01
486,Customer 486,customer486@example.com,,486 Main St,New York,NY,10486,USA,2024-01-01
487,Customer 487,customer487@example.com,555-0487,487 Main St,New York,NY,10487,USA,2024-01-01
488,Customer 488,customer488@example.com,555-0488,488 Main St,,NY,10488,USA,2024-01-01
489,Customer 489,customer489@example.com,,489 Main St,New York,NY,10489,USA,2024-01-01
490,Customer 490,,555-0490,490 Main St,New York,NY,10490,USA,2024-01-01
491,Customer 491,customer491@example.com,555-0491,491 Main St,New York,NY,10491,USA,2024-01-01
492,Customer 492,customer492@example.com,,492 Main St,,NY,10492,USA,2024-01-01
493,Customer 493,customer493@example.com,555-0493,493 Main St,New York,NY,10493,USA,2024-01-01
494,Customer 494,customer494@example.com,555-0494,494 Main St,New York,NY,10494,USA,2024-01-01
495,Customer 495,,,495 Main St,New York,NY,10495,USA,2024-01-01
496,Customer 496,customer496@example.com,555-0496,496 Main St,,NY,10496,USA,2024-01-01
497,Customer 497,customer497@example.com,555-0497,497 Main St,New York,NY,10497,USA,2024-01-01
498,Customer 498,customer498@example.com,,498 Main St,New York,NY,10498,USA,2024-01-01
499,Customer 499,customer499@example.com,555-0499,499 Main St,New York,NY,10499,USA,2024-01-01
500,Customer 500,,555-0500,500 Main St,,NY,10500,USA,2024-01-01
501,Customer 501,customer501@example.com,,501 Main St,New York,NY,10501,USA,2024-01-01
502,Customer 502,customer502@example.com,555-0502,502 Main St,New York,NY,10502,USA,2024-01-01
503,Customer 503,customer503@example.com,555-0503,503 Main St,New York,NY,10503,USA,2024-01-01
504,Customer 504,customer504@example.com,,504 Main St,,NY,10504,USA,2024-01-01
505,Customer 505,,555-0505,505 Main St,New York,NY,10505,USA,2024-01-01
506,Customer 506,customer506@example.com,555-0506,506 Main St,New York,NY,10506,USA,2024-01-01
507,Customer 507,customer507@example.com,,507 Main St,New York,NY,10507,USA,2024-01-01
508,Customer 508,customer508@example.com,555-0508,508 Main St,,NY,10508,USA,2024-01-01
509,Customer 509,customer509@example.com,555-0509,509 Main St,New York,NY,10509,USA,2024-01-01
510,Customer 510,,,510 Main St,New York,NY,10510,USA,2024-01-01
511,Customer 511,customer511@example.com,555-0511,511 Main St,New York,NY,10511,USA,2024-01-01
512,Customer 512,customer512@example.com,555-0512,512 Main St,,NY,10512,USA,2024-01-01
513,Customer 513,customer513@example.com,,513 Main St,New York,NY,10513,USA,2024-01-01
514,Customer 514,customer514@example.com,555-0514,514 Main St,New York,NY,10514,USA,2024-01-01
515,Customer 515,,555-0515,515 Main St,New York,NY,10515,USA,2024-01-01
516,Customer 516,customer516@example.com,,516 Main St,,NY,10516,USA,2024-01-01
517,Customer 517,customer517@example.com,555-0517,517 Main St,New York,NY,10517,USA,2024-01-01
518,Customer 518,customer518@example.com,555-0518,518 Main St,New York,NY,10518,USA,2024-01-01
519,Customer 519,customer519@example.com,,519 Main St,New York,NY,10519,USA,2024-01-01
520,Customer 520,,555-0520,520 Main St,,NY,10520,USA,2024-01-01
521,Customer 521,customer521@example.com,555-0521,521 Main St,New York,NY,10521,USA,2024-01-01
522,Customer 522,customer522@example.com,,522 Main St,New York,NY,10522,USA,2024-01-01
523,Customer 523,customer523@example.com,555-0523,523 Main St,New York,NY,10523,USA,2024-01-01
524,Customer 524,customer524@example.com,555-0524,524 Main St,,NY,10524,USA,2024-01-01
525,Customer 525,,,525 Main St,New York,NY,10525,USA,2024-01-01
526,Customer 526,customer526@example.com,555-0526,526 Main St,New York,NY,10526,USA,2024-01-01
527,Customer 527,customer527@example.com,555-0527,527 Main St,New York,NY,10527,USA,2024-01-01
528,Customer 528,customer528@example.com,,528 Main St,,NY,10528,USA,2024-01-01
529,Customer 529,customer529@example.com,555-0529,529 Main St,New York,NY,10529,USA,2024-01-01
530,Customer 530,,555-0530,530 Main St,New York,NY,10530,USA,2024-01-01
531,Customer 531,customer531@example.com,,531 Main St,New York,NY,10531,USA,2024-01-01
532,Customer 532,customer532@example.com,555-0532,532 Main St,,NY,10532,USA,2024-01-01
533,Customer 533,customer533@example.com,555-0533,533 Main St,New York,NY,10533,USA,2024-01-01
534,Customer 534,customer534@example.com,,534 Main St,New York,NY,10534,USA,2024-01-01
535,Customer 535,,555-0535,535 Main St,New York,NY,10535,USA,2024-01-01
536,Customer 536,customer536@example.com,555-0536,536 Main St,,NY,10536,USA,2024-01-01
537,Customer 537,customer537@example.com,,537 Main St,New York,NY,10537,USA,2024-01-01
538,Customer 538,customer538@example.com,555-0538,538 Main St,New York,NY,10538,USA,2024-01-01
539,Customer 539,customer539@example.com,555-0539,539 Main St,New York,NY,10539,USA,2024-01-01
540,Customer 540,,,540 Main St,,NY,10540,USA,2024-01-01
541,Customer 541,customer541@example.com,555-0541,541 Main St,New York,NY,10541,USA,2024-01-01
542,Customer 542,customer542@example.com,555-0542,542 Main St,New York,NY,10542,USA,2024-01-01
543,Customer 543,customer543@example.com,,543 Main St,New York,NY,10543,USA,2024-01-01
544,Customer 544,customer544@example.com,555-0544,544 Main St,,NY,10544,USA,2024-01-01
545,Customer 545,,555-0545,545 Main St,New York,NY,10545,USA,2024-01-01
546,Customer 546,customer546@example.com,,546 Main St,New York,NY,10546,USA,2024-01-01
547,Customer 547,customer547@example.com,555-0547,547 Main St,New York,NY,10547,USA,2024-01-01
548,Customer 548,customer548@example.com,555-0548,548 Main St,,NY,10548,USA,2024-01-01
549,Customer 549,customer549@example.com,,549 Main St,New York,NY,10549,USA,2024-01-01
550,Customer 550,,555-0550,550 Main St,New York,NY,10550,USA,2024-01-01
551,Customer 551,customer551@example.com,555-0551,551 Main St,New York,NY,10551,USA,2024-01-01
552,Customer 552,customer552@example.com,,552 Main St,,NY,10552,USA,2024-01-01
553,Customer 553,customer553@example.com,555-0553,553 Main St,New York,NY,10553,USA,2024-01-01
554,Customer 554,customer554@example.com,555-0554,554 Main St,New York,NY,10554,USA,2024-01-01
555,Customer 555,,,555 Main St,New York,NY,10555,USA,2024-01-01
556,Customer 556,customer556@example.com,555-0556,556 Main St,,NY,10556,USA,2024-01-01
557,Customer 557,customer557@example.com,555-0557,557 Main St,New York,NY,10557,USA,2024-01-01
558,Customer 558,customer558@example.com,,558 Main St,New York,NY,10558,USA,2024-01-01
559,Customer 559,customer559@example.com,555-0559,559 Main St,New York,NY,10559,USA,2024-01-01
560,Customer 560,,555-0560,560 Main St,,NY,10560,USA,2024-01-01
561,Customer 561,customer561@example.com,,561 Main St,New York,NY,10561,USA,2024-01-01
562,Customer 562,customer562@example.com,555-0562,562 Main St,New York,NY,10562,USA,2024-01-01
563,Customer 563,customer563@example.com,555-0563,563 Main St,New York,NY,10563,USA,2024-01-01
564,Customer 564,customer564@example.com,,564 Main St,,NY,10564,USA,2024-01-01
565,Customer 565,,555-0565,565 Main St,New York,NY,10565,USA,2024-01-01
566,Customer 566,customer566@example.com,555-0566,566 Main St,New York,NY,10566,USA,2024-01-01
567,Customer 567,customer567@example.com,,567 Main St,New York,NY,10567,USA,2024-01-01
568,Customer 568,customer568@example.com,555-0568,568 Main St,,NY,10568,USA,2024-01-01
569,Customer 569,customer569@example.com,555-0569,569 Main St,New York,NY,10569,USA,2024-01-01
570,Customer 570,,,570 Main St,New York,NY,10570,USA,2024-01-01
571,Customer 571,customer571@example.com,555-0571,571 Main St,New York,NY,10571,USA,2024-01-01
572,Customer 572,customer572@example.com,555-0572,572 Main St,,NY,10572,USA,2024-01-01
573,Customer 573,customer573@example.com,,573 Main St,New York,NY,10573,USA,2024-01-01
574,Customer 574,customer574@example.com,555-0574,574 Main St,New York,NY,10574,USA,2024-01-01
575,Customer 575,,555-0575,575 Main St,New York,NY,10575,USA,2024-01-01
576,Customer 576,customer576@example.com,,576 Main St,,NY,10576,USA,2024-01-01
577,Customer 577,customer577@example.com,555-0577,577 Main St,New York,NY,10577,USA,2024-01-01
578,Customer 578,customer578@example.com,555-0578,578 Main St,New York,NY,10578,USA,2024-01-01
579,Customer 579,customer579@example.com,,579 Main St,New York,NY,10579,USA,2024-01-01
580,Customer 580,,555-0580,580 Main St,,NY,10580,USA,2024-01-01
581,Customer 581,customer581@example.com,555-0581,581 Main St,New York,NY,10581,USA,2024-01-01
582,Customer 582,customer582@example.com,,582 Main St,New York,NY,10582,USA,2024-01-01
583,Customer 583,customer583@example.com,555-0583,583 Main St,New York,NY,10583,USA,2024-01-01
584,Customer 584,customer584@example.com,555-0584,584 Main St,,NY,10584,USA,2024-01-01
585,Customer 585,,,585 Main St,New York,NY,10585,USA,2024-01-01
586,Customer 586,customer586@example.com,555-0586,586 Main St,New York,NY,10586,USA,2024-01-01
587,Customer 587,customer587@example.com,555-0587,587 Main St,New York,NY,10587,USA,2024-01-01
588,Customer 588,customer588@example.com,,588 Main St,,NY,10588,USA,2024-01-01
589,Customer 589,customer589@example.com,555-0589,589 Main St,New York,NY,10589,USA,2024-01-01
590,Customer 590,,555-0590,590 Main St,New York,NY,10590,USA,2024-01-01
591,Customer 591,customer591@example.com,,591 Main St,New York,NY,10591,USA,2024-01-01
592,Customer 592,customer592@example.com,555-0592,592 Main St,,NY,10592,USA,2024-01-01
593,Customer 593,customer593@example.com,555-0593,593 Main St,New York,NY,10593,USA,2024-01-01
594,Customer 594,customer594@example.com,,594 Main St,New York,NY,10594,USA,2024-01-01
595,Customer 595,,555-0595,595 Main St,New York,NY,10595,USA,2024-01-01
596,Customer 596,customer596@example.com,555-0596,596 Main St,,NY,10596,USA,2024-01-01
597,Customer 597,customer597@example.com,,597 Main St,New York,NY,10597,USA,2024-01-01
598,Customer 598,customer598@example.com,555-0598,598 Main St,New York,NY,10598,USA,2024-01-01
599,Customer 599,customer599@example.com,555-0599,599 Main St,New York,NY,10599,USA,2024-01-01
600,Customer 600,,,600 Main St,,NY,10600,USA,2024-01-01
601,Customer 601,customer601@example.com,555-0601,601 Main St,New York,NY,10601,USA,2024-01-01
602,Customer 602,customer602@example.com,555-0602,602 Main St,New York,NY,10602,USA,2024-01-01
603,Customer 603,customer603@example.com,,603 Main St,New York,NY,10603,USA,2024-01-01
604,Customer 604,customer604@example.com,555-0604,604 Main St,,NY,10604,USA,2024-01-01
605,Customer 605,,555-0605,605 Main St,New York,NY,10605,USA,2024-01-01
606,Customer 606,customer606@example.com,,606 Main St,New York,NY,10606,USA,2024-01-01
607,Customer 607,customer607@example.com,555-0607,607 Main St,New York,NY,10607,USA,2024-01-01
608,Customer 608,customer608@example.com,555-0608,608 Main St,,NY,10608,USA,2024-01-01
609,Customer 609,customer609@example.com,,609 Main St,New York,NY,10609,USA,2024-01-01
610,Customer 610,,555-0610,610 Main St,New York,NY,10610,USA,2024-01-01
611,Customer 611,customer611@example.com,555-0611,611 Main St,New York,NY,10611,USA,2024-01-01
612,Customer 612,customer612@example.com,,612 Main St,,NY,10612,USA,2024-01-01
613,Customer 613,customer613@example.com,555-0613,613 Main St,New York,NY,10613,USA,2024-01-01
614,Customer 614,customer614@example.com,555-0614,614 Main St,New York,NY,10614,USA,2024-01-01
615,Customer 615,,,615 Main St,New York,NY,10615,USA,2024-01-01
616,Customer 616,customer616@example.com,555-0616,616 Main St,,NY,10616,USA,2024-01-01
617,Customer 617,customer617@example.com,555-0617,617 Main St,New York,NY,10617,USA,2024-01-01
618,Customer 618,customer618@example.com,,618 Main St,New York,NY,10618,USA,2024-01-01
619,Customer 619,customer619@example.com,555-0619,619 Main St,New York,NY,10619,USA,2024-01-01
620,Customer 620,,555-0620,620 Main St,,NY,10620,USA,2024-01-01
621,Customer 621,customer621@example.com,,621 Main St,New York,NY,10621,USA,2024-01-01
622,Customer 622,customer622@example.com,555-0622,622 Main St,New York,NY,10622,USA,2024-01-01
623,Customer 623,customer623@example.com,555-0623,623 Main St,New York,NY,10623,USA,2024-01-01
624,Customer 624,customer624@example.com,,624 Main St,,NY,10624,USA,2024-01-01
625,Customer 625,,555-0625,625 Main St,New York,NY,10625,USA,2024-01-01
626,Customer 626,customer626@example.com,555-0626,626 Main St,New York,NY,10626,USA,2024-01-01
627,Customer 627,customer627@example.com,,627 Main St,New York,NY,10627,USA,2024-01-01
628,Customer 628,customer628@example.com,555-0628,628 Main St,,NY,10628,USA,2024-01-01
629,Customer 629,customer629@example.com,555-0629,629 Main St,New York,NY,10629,USA,2024-01-01
630,Customer 630,,,630 Main St,New York,NY,10630,USA,2024-01-01
631,Customer 631,customer631@example.com,555-0631,631 Main St,New York,NY,10631,USA,2024-01-01
632,Customer 632,customer632@example.com,555-0632,632 Main St,,NY,10632,USA,2024-01-01
633,Customer 633,customer633@example.com,,633 Main St,New York,NY,10633,USA,2024-01-01
634,Customer 634,customer634@example.com,555-0634,634 Main St,New York,NY,10634,USA,2024-01-01
635,Customer 635,,555-0635,635 Main St,New York,NY,10635,USA,2024-01-01
636,Customer 636,customer636@example.com,,636 Main St,,NY,10636,USA,2024-01-01
637,Customer 637,customer637@example.com,555-0637,637 Main St,New York,NY,10637,USA,2024-01-01
638,Customer 638,customer638@example.com,555-0638,638 Main St,New York,NY,10638,USA,2024-01-01
639,Customer 639,customer639@example.com,,639 Main St,New York,NY,10639,USA,2024-01-01
640,Customer 640,,555-0640,640 Main St,,NY,10640,USA,2024-01-01
641,Customer 641,customer641@example.com,555-0641,641 Main St,New York,NY,10641,USA,2024-01-01
642,Customer 642,customer642@example.com,,642 Main St,New York,NY,10642,USA,2024-01-01
643,Customer 643,customer643@example.com,555-0643,643 Main St,New York,NY,10643,USA,2024-01-01
644,Customer 644,customer644@example.com,555-0644,644 Main St,,NY,10644,USA,2024-01-01
645,Customer 645,,,645 Main St,New York,NY,10645,USA,2024-01-01
646,Customer 646,customer646@example.com,555-0646,646 Main St,New York,NY,10646,USA,2024-01-01
647,Customer 647,customer647@example.com,555-0647,647 Main St,New York,NY,10647,USA,2024-01-01
648,Customer 648,customer648@example.com,,648 Main St,,NY,10648,USA,2024-01-01
649,Customer 649,customer649@example.com,555-0649,649 Main St,New York,NY,10649,USA,2024-01-01
650,Customer 650,,555-0650,650 Main St,New York,NY,10650,USA,2024-01-01
651,Customer 651,customer651@example.com,,651 Main St,New York,NY,10651,USA,2024-01-01
652,Customer 652,customer652@example.com,555-0652,652 Main St,,NY,10652,USA,2024-01-01
653,Customer 653,customer653@example.com,555-0653,653 Main St,New York,NY,10653,USA,2024-01-01
654,Customer 654,customer654@example.com,,654 Main St,New York,NY,10654,USA,2024-01-01
655,Customer 655,,555-0655,655 Main St,New York,NY,10655,USA,2024-01-01
656,Customer 656,customer656@example.com,555-0656,656 Main St,,NY,10656,USA,2024-01-01
657,Customer 657,customer657@example.com,,657 Main St,New York,NY,10657,USA,2024-01-01
658,Customer 658,customer658@example.com,555-0658,658 Main St,New York,NY,10658,USA,2024-01-01
659,Customer 659,customer659@example.com,555-0659,659 Main St,New York,NY,10659,USA,2024-01-01
660,Customer 660,,,660 Main St,,NY,10660,USA,2024-01-01
661,Customer 661,customer661@example.com,555-0661,661 Main St,New York,NY,10661,USA,2024-01-01
662,Customer 662,customer662@example.com,555-0662,662 Main St,New York,NY,10662,USA,2024-01-01
663,Customer 663,customer663@example.com,,663 Main St,New York,NY,10663,USA,2024-01-01
664,Customer 664,customer664@example.com,555-0664,664 Main St,,NY,10664,USA,2024-01-01
665,Customer 665,,555-0665,665 Main St,New York,NY,10665,USA,2024-01-01
666,Customer 666,customer666@example.com,,666 Main St,New York,NY,10666,USA,2024-01-01
667,Customer 667,customer667@example.com,555-0667,667 Main St,New York,NY,10667,USA,2024-01-01
668,Customer 668,customer668@example.com,555-0668,668 Main St,,NY,10668,USA,2024-01-01
669,Customer 669,customer669@example.com,,669 Main St,New York,NY,10669,USA,2024-01-01
670,Customer 670,,555-0670,670 Main St,New York,NY,10670,USA,2024-01-01
671,Customer 671,customer671@example.com,555-0671,671 Main St,New York,NY,10671,USA,2024-01-01
672,Customer 672,customer672@example.com,,672 Main St,,NY,10672,USA,2024-01-01
673,Customer 673,customer673@example.com,555-0673,673 Main St,New York,NY,10673,USA,2024-01-01
674,Customer 674,customer674@example.com,555-0674,674 Main St,New York,NY,10674,USA,2024-01-01
675,Customer 675,,,675 Main St,New York,NY,10675,USA,2024-01-01
676,Customer 676,customer676@example.com,555-0676,676 Main St,,NY,10676,USA,2024-01-01
677,Customer 677,customer677@example.com,555-0677,677 Main St,New York,NY,10677,USA,2024-01-01
678,Customer 678,customer678@example.com,,678 Main St,New York,NY,10678,USA,2024-01-01
679,Customer 679,customer679@example.com,555-0679,679 Main St,New York,NY,10679,USA,2024-01-01
680,Customer 680,,555-0680,680 Main St,,NY,10680,USA,2024-01-01
681,Customer 681,customer681@example.com,,681 Main St,New York,NY,10681,USA,2024-01-01
682,Customer 682,customer682@example.com,555-0682,682 Main St,New York,NY,10682,USA,2024-01-01
683,Customer 683,customer683@example.com,555-0683,683 Main St,New York,NY,10683,USA,2024-01-01
684,Customer 684,customer684@example.com,,684 Main St,,NY,10684,USA,2024-01-01
685,Customer 685,,555-0685,685 Main St,New York,NY,10685,USA,2024-01-01
686,Customer 686,customer686@example.com,555-0686,686 Main St,New York,NY,10686,USA,2024-01-01
687,Customer 687,customer687@example.com,,687 Main St,New York,NY,10687,USA,2024-01-01
688,Customer 688,customer688@example.com,555-0688,688 Main St,,NY,10688,USA,2024-01-01
689,Customer 689,customer689@example.com,555-0689,689 Main St,New York,NY,10689,USA,2024-01-01
690,Customer 690,,,690 Main St,New York,NY,10690,USA,2024-01-01
691,Customer 691,customer691@example.com,555-0691,691 Main St,New York,NY,10691,USA,2024-01-01
692,Customer 692,customer692@example.com,555-0692,692 Main St,,NY,10692,USA,2024-01-01
693,Customer 693,customer693@example.com,,693 Main St,New York,NY,10693,USA,2024-01-01
694,Customer 694,customer694@example.com,555-0694,694 Main St,New York,NY,10694,USA,2024-01-01
695,Customer 695,,555-0695,695 Main St,New York,NY,10695,USA,2024-01-01
696,Customer 696,customer696@example.com,,696 Main St,,NY,10696,USA,2024-01-01
697,Customer 697,customer697@example.com,555-0697,697 Main St,New York,NY,10697,USA,2024-01-01
698,Customer 698,customer698@example.com,555-0698,698 Main St,New York,NY,10698,USA,2024-01-01
699,Customer 699,customer699@example.com,,699 Main St,New York,NY,10699,USA,2024-01-01
700,Customer 700,,555-0700,700 Main St,,NY,10700,USA,2024-01-01
701,Customer 701,customer701@example.com,555-0701,701 Main St,New York,NY,10701,USA,2024-01-01
702,Customer 702,customer702@example.com,,702 Main St,New York,NY,10702,USA,2024-01-01
703,Customer 703,customer703@example.com,555-0703,703 Main St,New York,NY,10703,USA,2024-01-01
704,Customer 704,customer704@example.com,555-0704,704 Main St,,NY,10704,USA,2024-01-01
705,Customer 705,,,705 Main St,New York,NY,10705,USA,2024-01-01
706,Customer 706,customer706@example.com,555-0706,706 Main St,New York,NY,10706,USA,2024-01-01
707,Customer 707,customer707@example.com,555-0707,707 Main St,New York,NY,10707,USA,2024-01-01
708,Customer 708,customer708@example.com,,708 Main St,,NY,10708,USA,2024-01-01
709,Customer 709,customer709@example.com,555-0709,709 Main St,New York,NY,10709,USA,2024-01-01
710,Customer 710,,555-0710,710 Main St,New York,NY,10710,USA,2024-01-01
711,Customer 711,customer711@example.com,,711 Main St,New York,NY,10711,USA,2024-01-01
712,Customer 712,customer712@example.com,555-0712,712 Main St,,NY,10712,USA,2024-01-01
713,Customer 713,customer713@example.com,555-0713,713 Main St,New York,NY,10713,USA,2024-01-01
714,Customer 714,customer714@example.com,,714 Main St,New York,NY,10714,USA,2024-01-01
715,Customer 715,,555-0715,715 Main St,New York,NY,10715,USA,2024-01-01
716,Customer 716,customer716@example.com,555-0716,716 Main St,,NY,10716,USA,2024-01-01
717,Customer 717,customer717@example.com,,717 Main St,New York,NY,10717,USA,2024-01-01
718,Customer 718,customer718@example.com,555-0718,718 Main St,New York,NY,10718,USA,2024-01-01
719,Customer 719,customer719@example.com,555-0719,719 Main St,New York,NY,10719,USA,2024-01-01
720,Customer 720,,,720 Main St,,NY,10720,USA,2024-01-01
721,Customer 721,customer721@example.com,555-0721,721 Main St,New York,NY,10721,USA,2024-01-01
722,Customer 722,customer722@example.com,555-0722,722 Main St,New York,NY,10722,USA,2024-01-01
723,Customer 723,customer723@example.com,,723 Main St,New York,NY,10723,USA,2024-01-01
724,Customer 724,customer724@example.com,555-0724,724 Main St,,NY,10724,USA,2024-01-01
725,Customer 725,,555-0725,725 Main St,New York,NY,10725,USA,2024-01-01
726,Customer 726,customer726@example.com,,726 Main St,New York,NY,10726,USA,2024-01-01
727,Customer 727,customer727@example.com,555-0727,727 Main St,New York,NY,10727,USA,2024-01-01
728,Customer 728,customer728@example.com,555-0728,728 Main St,,NY,10728,USA,2024-01-01
729,Customer 729,customer729@example.com,,729 Main St,New York,NY,10729,USA,2024-01-01
730,Customer 730,,555-0730,730 Main St,New York,NY,10730,USA,2024-01-01
731,Customer 731,customer731@example.com,555-0731,731 Main St,New York,NY,10731,USA,2024-01-01
732,Customer 732,customer732@example.com,,732 Main St,,NY,10732,USA,2024-01-01
733,Customer 733,customer733@example.com,555-0733,733 Main St,New York,NY,10733,USA,2024-01-01
734,Customer 734,customer734@example.com,555-0734,734 Main St,New York,NY,10734,USA,2024-01-01
735,Customer 735,,,735 Main St,New York,NY,10735,USA,2024-01-01
736,Customer 736,customer736@example.com,555-0736,736 Main St,,NY,10736,USA,2024-01-01
737,Customer 737,customer737@example.com,555-0737,737 Main St,New York,NY,10737,USA,2024-01-01
738,Customer 738,customer738@example.com,,738 Main St,New York,NY,10738,USA,2024-01-01
739,Customer 739,customer739@example.com,555-0739,739 Main St,New York,NY,10739,USA,2024-01-01
740,Customer 740,,555-0740,740 Main St,,NY,10740,USA,2024-01-01
741,Customer 741,customer741@example.com,,741 Main St,New York,NY,10741,USA,2024-01-01
742,Customer 742,customer742@example.com,555-0742,742 Main St,New York,NY,10742,USA,2024-01-01
743,Customer 743,customer743@example.com,555-0743,743 Main St,New York,NY,10743,USA,2024-01-01
744,Customer 744,customer744@example.com,,744 Main St,,NY,10744,USA,2024-01-01
745,Customer 745,,555-0745,745 Main St,New York,NY,10745,USA,2024-01-01
746,Customer 746,customer746@example.com,555-0746,746 Main St,New York,NY,10746,USA,2024-01-01
747,Customer 747,customer747@example.com,,747 Main St,New York,NY,10747,USA,2024-01-01
748,Customer 748,customer748@example.com,555-0748,748 Main St,,NY,10748,USA,2024-01-01
749,Customer 749,customer749@example.com,555-0749,749 Main St,New York,NY,10749,USA,2024-01-01
750,Customer 750,,,750 Main St,New York,NY,10750,USA,2024-01-01
751,Customer 751,customer751@example.com,555-0751,751 Main St,New York,NY,10751,USA,2024-01-01
752,Customer 752,customer752@example.com,555-0752,752 Main St,,NY,10752,USA,2024-01-01
753,Customer 753,customer753@example.com,,753 Main St,New York,NY,10753,USA,2024-01-01
754,Customer 754,customer754@example.com,555-0754,754 Main St,New York,NY,10754,USA,2024-01-01
755,Customer 755,,555-0755,755 Main St,New York,NY,10755,USA,2024-01-01
756,Customer 756,customer756@example.com,,756 Main St,,NY,10756,USA,2024-01-01
757,Customer 757,customer757@example.com,555-0757,757 Main St,New York,NY,10757,USA,2024-01-01
758,Customer 758,customer758@example.com,555-0758,758 Main St,New York,NY,10758,USA,2024-01-01
759,Customer 759,customer759@example.com,,759 Main St,New York,NY,10759,USA,2024-01-01
760,Customer 760,,555-0760,760 Main St,,NY,10760,USA,2024-01-01
761,Customer 761,customer761@example.com,555-0761,761 Main St,New York,NY,10761,USA,2024-01-01
762,Customer 762,customer762@example.com,,762 Main St,New York,NY,10762,USA,2024-01-01
763,Customer 763,customer763@example.com,555-0763,763 Main St,New York,NY,10763,USA,2024-01-01
764,Customer 764,customer764@example.com,555-0764,764 Main St,,NY,10764,USA,2024-01-01
765,Customer 765,,,765 Main St,New York,NY,10765,USA,2024-01-01
766,Customer 766,customer766@example.com,555-0766,766 Main St,New York,NY,10766,USA,2024-01-01
767,Customer 767,customer767@example.com,555-0767,767 Main St,New York,NY,10767,USA,2024-01-01
768,Customer 768,customer768@example.com,,768 Main St,,NY,10768,USA,2024-01-01
769,Customer 769,customer769@example.com,555-0769,769 Main St,New York,NY,10769,USA,2024-01-01
770,Customer 770,,555-0770,770 Main St,New York,NY,10770,USA,2024-01-01
771,Customer 771,customer771@example.com,,771 Main St,New York,NY,10771,USA,2024-01-01
772,Customer 772,customer772@example.com,555-0772,772 Main St,,NY,10772,USA,2024-01-01
773,Customer 773,customer773@example.com,555-0773,773 Main St,New York,NY,10773,USA,2024-01-01
774,Customer 774,customer774@example.com,,774 Main St,New York,NY,10774,USA,2024-01-01
775,Customer 775,,555-0775,775 Main St,New York,NY,10775,USA,2024-01-01
776,Customer 776,customer776@example.com,555-0776,776 Main St,,NY,10776,USA,2024-01-01
777,Customer 777,customer777@example.com,,777 Main St,New York,NY,10777,USA,2024-01-01
778,Customer 778,customer778@example.com,555-0778,778 Main St,New York,NY,10778,USA,2024-01-01
779,Customer 779,customer779@example.com,555-0779,779 Main St,New York,NY,10779,USA,2024-01-01
780,Customer 780,,,780 Main St,,NY,10780,USA,2024-01-01
781,Customer 781,customer781@example.com,555-0781,781 Main St,New York,NY,10781,USA,2024-01-01
782,Customer 782,customer782@example.com,555-0782,782 Main St,New York,NY,10782,USA,2024-01-01
783,Customer 783,customer783@example.com,,783 Main St,New York,NY,10783,USA,2024-01-01
784,Customer 784,customer784@example.com,555-0784,784 Main St,,NY,10784,USA,2024-01-01
785,Customer 785,,555-0785,785 Main St,New York,NY,10785,USA,2024-01-01
786,Customer 786,customer786@example.com,,786 Main St,New York,NY,10786,USA,2024-01-01
787,Customer 787,customer787@example.com,555-0787,787 Main St,New York,NY,10787,USA,2024-01-01
788,Customer 788,customer788@example.com,555-0788,788 Main St,,NY,10788,USA,2024-01-01
789,Customer 789,customer789@example.com,,789 Main St,New York,NY,10789,USA,2024-01-01
790,Customer 790,,555-0790,790 Main St,New York,NY,10790,USA,2024-01-01
791,Customer 791,customer791@example.com,555-0791,791 Main St,New York,NY,10791,USA,2024-01-01
792,Customer 792,customer792@example.com,,792 Main St,,NY,10792,USA,2024-01-01
793,Customer 793,customer793@example.com,555-0793,793 Main St,New York,NY,10793,USA,2024-01-01
794,Customer 794,customer794@example.com,555-0794,794 Main St,New York,NY,10794,USA,2024-01-01
795,Customer 795,,,795 Main St,New York,NY,10795,USA,2024-01-01
796,Customer 796,customer796@example.com,555-0796,796 Main St,,NY,10796,USA,2024-01-01
797,Customer 797,customer797@example.com,555-0797,797 Main St,New York,NY,10797,USA,2024-01-01
798,Customer 798,customer798@example.com,,798 Main St,New York,NY,10798,USA,2024-01-01
799,Customer 799,customer799@example.com,555-0799,799 Main St,New York,NY,10799,USA,2024-01-01
800,Customer 800,,555-0800,800 Main St,,NY,10800,USA,2024-01-01
801,Customer 801,customer801@example.com,,801 Main St,New York,NY,10801,USA,2024-01-01
802,Customer 802,customer802@example.com,555-0802,802 Main St,New York,NY,10802,USA,2024-01-01
803,Customer 803,customer803@example.com,555-0803,803 Main St,New York,NY,10803,USA,2024-01-01
804,Customer 804,customer804@example.com,,804 Main St,,NY,10804,USA,2024-01-01
805,Customer 805,,555-0805,805 Main St,New York,NY,10805,USA,2024-01-01
806,Customer 806,customer806@example.com,555-0806,806 Main St,New York,NY,10806,USA,2024-01-01
807,Customer 807,customer807@example.com,,807 Main St,New York,NY,10807,USA,2024-01-01
808,Customer 808,customer808@example.com,555-0808,808 Main St,,NY,10808,USA,2024-01-01
809,Customer 809,customer809@example.com,555-0809,809 Main St,New York,NY,10809,USA,2024-01-01
810,Customer 810,,,810 Main St,New York,NY,10810,USA,2024-01-01
811,Customer 811,customer811@example.com,555-0811,811 Main St,New York,NY,10811,USA,2024-01-01
812,Customer 812,customer812@example.com,555-0812,812 Main St,,NY,10812,USA,2024-01-01
813,Customer 813,customer813@example.com,,813 Main St,New York,NY,10813,USA,2024-01-01
814,Customer 814,customer814@example.com,555-0814,814 Main St,New York,NY,10814,USA,2024-01-01
815,Customer 815,,555-0815,815 Main St,New York,NY,10815,USA,2024-01-01
816,Customer 816,customer816@example.com,,816 Main St,,NY,10816,USA,2024-01-01
817,Customer 817,customer817@example.com,555-0817,817 Main St,New York,NY,10817,USA,2024-01-01
818,Customer 818,customer818@example.com,555-0818,818 Main St,New York,NY,10818,USA,2024-01-01
819,Customer 819,customer819@example.com,,819 Main St,New York,NY,10819,USA,2024-01-01
820,Customer 820,,555-0820,820 Main St,,NY,10820,USA,2024-01-01
821,Customer 821,customer821@example.com,555-0821,821 Main St,New York,NY,10821,USA,2024-01-01
822,Customer 822,customer822@example.com,,822 Main St,New York,NY,10822,USA,2024-01-01
823,Customer 823,customer823@example.com,555-0823,823 Main St,New York,NY,10823,USA,2024-01-01
824,Customer 824,customer824@example.com,555-0824,824 Main St,,NY,10824,USA,2024-01-01
825,Customer 825,,,825 Main St,New York,NY,10825,USA,2024-01-01
826,Customer 826,customer826@example.com,555-0826,826 Main St,New York,NY,10826,USA,2024-01-01
827,Customer 827,customer827@example.com,555-0827,827 Main St,New York,NY,10827,USA,2024-01-01
828,Customer 828,customer828@example.com,,828 Main St,,NY,10828,USA,2024-01-01
829,Customer 829,customer829@example.com,555-0829,829 Main St,New York,NY,10829,USA,2024-01-01
830,Customer 830,,555-0830,830 Main St,New York,NY,10830,USA,2024-01-01
831,Customer 831,customer831@example.com,,831 Main St,New York,NY,10831,USA,2024-01-01
832,Customer 832,customer832@example.com,555-0832,832 Main St,,NY,10832,USA,2024-01-01
833,Customer 833,customer833@example.com,555-0833,833 Main St,New York,NY,10833,USA,2024-01-01
834,Customer 834,customer834@example.com,,834 Main St,New York,NY,10834,USA,2024-01-01
835,Customer 835,,555-0835,835 Main St,New York,NY,10835,USA,2024-01-01
836,Customer 836,customer836@example.com,555-0836,836 Main St,,NY,10836,USA,2024-01-01
837,Customer 837,customer837@example.com,,837 Main St,New York,NY,10837,USA,2024-01-01
838,Customer 838,customer838@example.com,555-0838,838 Main St,New York,NY,10838,USA,2024-01-01
839,Customer 839,customer839@example.com,555-0839,839 Main St,New York,NY,10839,USA,2024-01-01
840,Customer 840,,,840 Main St,,NY,10840,USA,2024-01-01
841,Customer 841,customer841@example.com,555-0841,841 Main St,New York,NY,10841,USA,2024-01-01
842,Customer 842,customer842@example.com,555-0842,842 Main St,New York,NY,10842,USA,2024-01-01
843,Customer 843,customer843@example.com,,843 Main St,New York,NY,10843,USA,2024-01-01
844,Customer 844,customer844@example.com,555-0844,844 Main St,,NY,10844,USA,2024-01-01
845,Customer 845,,555-0845,845 Main St,New York,NY,10845,USA,2024-01-01
846,Customer 846,customer846@example.com,,846 Main St,New York,NY,10846,USA,2024-01-01
847,Customer 847,customer847@example.com,555-0847,847 Main St,New York,NY,10847,USA,2024-01-01
848,Customer 848,customer848@example.com,555-0848,848 Main St,,NY,10848,USA,2024-01-01
849,Customer 849,customer849@example.com,,849 Main St,New York,NY,10849,USA,2024-01-01
850,Customer 850,,555-0850,850 Main St,New York,NY,10850,USA,2024-01-01
851,Customer 851,customer851@example.com,555-0851,851 Main St,New York,NY,10851,USA,2024-01-01
852,Customer 852,customer852@example.com,,852 Main St,,NY,10852,USA,2024-01-01
853,Customer 853,customer853@example.com,555-0853,853 Main St,New York,NY,10853,USA,2024-01-01
854,Customer 854,customer854@example.com,555-0854,854 Main St,New York,NY,10854,USA,2024-01-01
855,Customer 855,,,855 Main St,New York,NY,10855,USA,2024-01-01
856,Customer 856,customer856@example.com,555-0856,856 Main St,,NY,10856,USA,2024-01-01
857,Customer 857,customer857@example.com,555-0857,857 Main St,New York,NY,10857,USA,2024-01-01
858,Customer 858,customer858@example.com,,858 Main St,New York,NY,10858,USA,2024-01-01
859,Customer 859,customer859@example.com,555-0859,859 Main St,New York,NY,10859,USA,2024-01-01
860,Customer 860,,555-0860,860 Main St,,NY,10860,USA,2024-01-01
861,Customer 861,customer861@example.com,,861 Main St,New York,NY,10861,USA,2024-01-01
862,Customer 862,customer862@example.com,555-0862,862 Main St,New York,NY,10862,USA,2024-01-01
863,Customer 863,customer863@example.com,555-0863,863 Main St,New York,NY,10863,USA,2024-01-01
864,Customer 864,customer864@example.com,,864 Main St,,NY,10864,USA,2024-01-01
865,Customer 865,,555-0865,865 Main St,New York,NY,10865,USA,2024-01-01
866,Customer 866,customer866@example.com,555-0866,866 Main St,New York,NY,10866,USA,2024-01-01
867,Customer 867,customer867@example.com,,867 Main St,New York,NY,10867,USA,2024-01-01
868,Customer 868,customer868@example.com,555-0868,868 Main St,,NY,10868,USA,2024-01-01
869,Customer 869,customer869@example.com,555-0869,869 Main St,New York,NY,10869,USA,2024-01-01
870,Customer 870,,,870 Main St,New York,NY,10870,USA,2024-01-01
871,Customer 871,customer871@example.com,555-0871,871 Main St,New York,NY,10871,USA,2024-01-01
872,Customer 872,customer872@example.com,555-0872,872 Main St,,NY,10872,USA,2024-01-01
873,Customer 873,customer873@example.com,,873 Main St,New York,NY,10873,USA,2024-01-01
874,Customer 874,customer874@example.com,555-0874,874 Main St,New York,NY,10874,USA,2024-01-01
875,Customer 875,,555-0875,875 Main St,New York,NY,10875,USA,2024-01-01
876,Customer 876,customer876@example.com,,876 Main St,,NY,10876,USA,2024-01-01
877,Customer 877,customer877@example.com,555-0877,877 Main St,New York,NY,10877,USA,2024-01-01
878,Customer 878,customer878@example.com,555-0878,878 Main St,New York,NY,10878,USA,2024-01-01
879,Customer 879,customer879@example.com,,879 Main St,New York,NY,10879,USA,2024-01-01
880,Customer 880,,555-0880,880 Main St,,NY,10880,USA,2024-01-01
881,Customer 881,customer881@example.com,555-0881,881 Main St,New York,NY,10881,USA,2024-01-01
882,Customer 882,customer882@example.com,,882 Main St,New York,NY,10882,USA,2024-01-01
883,Customer 883,customer883@example.com,555-0883,883 Main St,New York,NY,10883,USA,2024-01-01
884,Customer 884,customer884@example.com,555-0884,884 Main St,,NY,10884,USA,2024-01-01
885,Customer 885,,,885 Main St,New York,NY,10885,USA,2024-01-01
886,Customer 886,customer886@example.com,555-0886,886 Main St,New York,NY,10886,USA,2024-01-01
887,Customer 887,customer887@example.com,555-0887,887 Main St,New York,NY,10887,USA,2024-01-01
888,Customer 888,customer888@example.com,,888 Main St,,NY,10888,USA,2024-01-01
889,Customer 889,customer889@example.com,555-0889,889 Main St,New York,NY,10889,USA,2024-01-01
890,Customer 890,,555-0890,890 Main St,New York,NY,10890,USA,2024-01-01
891,Customer 891,customer891@example.com,,891 Main St,New York,NY,10891,USA,2024-01-01
892,Customer 892,customer892@example.com,555-0892,892 Main St,,NY,10892,USA,2024-01-01
893,Customer 893,customer893@example.com,555-0893,893 Main St,New York,NY,10893,USA,2024-01-01
894,Customer 894,customer894@example.com,,894 Main St,New York,NY,10894,USA,2024-01-01
895,Customer 895,,555-0895,895 Main St,New York,NY,10895,USA,2024-01-01
896,Customer 896,customer896@example.com,555-0896,896 Main St,,NY,10896,USA,2024-01-01
897,Customer 897,customer897@example.com,,897 Main St,New York,NY,10897,USA,2024-01-01
898,Customer 898,customer898@example.com,555-0898,898 Main St,New York,NY,10898,USA,2024-01-01
899,Customer 899,customer899@example.com,555-0899,899 Main St,New York,NY,10899,USA,2024-01-01
900,Customer 900,,,900 Main St,,NY,10900,USA,2024-01-01
901,Customer 901,customer901@example.com,555-0901,901 Main St,New York,NY,10901,USA,2024-01-01
902,Customer 902,customer902@example.com,555-0902,902 Main St,New York,NY,10902,USA,2024-01-01
903,Customer 903,customer903@example.com,,903 Main St,New York,NY,10903,USA,2024-01-01
904,Customer 904,customer904@example.com,555-0904,904 Main St,,NY,10904,USA,2024-01-01
905,Customer 905,,555-0905,905 Main St,New York,NY,10905,USA,2024-01-01
906,Customer 906,customer906@example.com,,906 Main St,New York,NY,10906,USA,2024-01-01
907,Customer 907,customer907@example.com,555-0907,907 Main St,New York,NY,10907,USA,2024-01-01
908,Customer 908,customer908@example.com,555-0908,908 Main St,,NY,10908,USA,2024-01-01
909,Customer 909,customer909@example.com,,909 Main St,New York,NY,10909,USA,2024-01-01
910,Customer 910,,555-0910,910 Main St,New York,NY,10910,USA,2024-01-01
911,Customer 911,customer911@example.com,555-0911,911 Main St,New York,NY,10911,USA,2024-01-01
912,Customer 912,customer912@example.com,,912 Main St,,NY,10912,USA,2024-01-01
913,Customer 913,customer913@example.com,555-0913,913 Main St,New York,NY,10913,USA,2024-01-01
914,Customer 914,customer914@example.com,555-0914,914 Main St,New York,NY,10914,USA,2024-01-01
915,Customer 915,,,915 Main St,New York,NY,10915,USA,2024-01-01
916,Customer 916,customer916@example.com,555-0916,916 Main St,,NY,10916,USA,2024-01-01
917,Customer 917,customer917@example.com,555-0917,917 Main St,New York,NY,10917,USA,2024-01-01
918,Customer 918,customer918@example.com,,918 Main St,New York,NY,10918,USA,2024-01-01
919,Customer 919,customer919@example.com,555-0919,919 Main St,New York,NY,10919,USA,2024-01-01
920,Customer 920,,555-0920,920 Main St,,NY,10920,USA,2024-01-01
921,Customer 921,customer921@example.com,,921 Main St,New York,NY,10921,USA,2024-01-01
922,Customer 922,customer922@example.com,555-0922,922 Main St,New York,NY,10922,USA,2024-01-01
923,Customer 923,customer923@example.com,555-0923,923 Main St,New York,NY,10923,USA,2024-01-01
924,Customer 924,customer924@example.com,,924 Main St,,NY,10924,USA,2024-01-01
925,Customer 925,,555-0925,925 Main St,New York,NY,10925,USA,2024-01-01
926,Customer 926,customer926@example.com,555-0926,926 Main St,New York,NY,10926,USA,2024-01-01
927,Customer 927,customer927@example.com,,927 Main St,New York,NY,10927,USA,2024-01-01
928,Customer 928,customer928@example.com,555-0928,928 Main St,,NY,10928,USA,2024-01-01
929,Customer 929,customer929@example.com,555-0929,929 Main St,New York,NY,10929,USA,2024-01-01
930,Customer 930,,,930 Main St,New York,NY,10930,USA,2024-01-01
931,Customer 931,customer931@example.com,555-0931,931 Main St,New York,NY,10931,USA,2024-01-01
932,Customer 932,customer932@example.com,555-0932,932 Main St,,NY,10932,USA,2024-01-01
933,Customer 933,customer933@example.com,,933 Main St,New York,NY,10933,USA,2024-01-01
934,Customer 934,customer934@example.com,555-0934,934 Main St,New York,NY,10934,USA,2024-01-01
935,Customer 935,,555-0935,935 Main St,New York,NY,10935,USA,2024-01-01
936,Customer 936,customer936@example.com,,936 Main St,,NY,10936,USA,2024-01-01
937,Customer 937,customer937@example.com,555-0937,937 Main St,New York,NY,10937,USA,2024-01-01
938,Customer 938,customer938@example.com,555-0938,938 Main St,New York,NY,10938,USA,2024-01-01
939,Customer 939,customer939@example.com,,939 Main St,New York,NY,10939,USA,2024-01-01
940,Customer 940,,555-0940,940 Main St,,NY,10940,USA,2024-01-01
941,Customer 941,customer941@example.com,555-0941,941 Main St,New York,NY,10941,USA,2024-01-01
942,Customer 942,customer942@example.com,,942 Main St,New York,NY,10942,USA,2024-01-01
943,Customer 943,customer943@example.com,555-0943,943 Main St,New York,NY,10943,USA,2024-01-01
944,Customer 944,customer944@example.com,555-0944,944 Main St,,NY,10944,USA,2024-01-01
945,Customer 945,,,945 Main St,New York,NY,10945,USA,2024-01-01
946,Customer 946,customer946@example.com,555-0946,946 Main St,New York,NY,10946,USA,2024-01-01
947,Customer 947,customer947@example.com,555-0947,947 Main St,New York,NY,10947,USA,2024-01-01
948,Customer 948,customer948@example.com,,948 Main St,,NY,10948,USA,2024-01-01
949,Customer 949,customer949@example.com,555-0949,949 Main St,New York,NY,10949,USA,2024-01-01
950,Customer 950,,555-0950,950 Main St,New York,NY,10950,USA,2024-01-01
951,Customer 951,customer951@example.com,,951 Main St,New York,NY,10951,USA,2024-01-01
952,Customer 952,customer952@example.com,555-0952,952 Main St,,NY,10952,USA,2024-01-01
953,Customer 953,customer953@example.com,555-0953,953 Main St,New York,NY,10953,USA,2024-01-01
954,Customer 954,customer954@example.com,,954 Main St,New York,NY,10954,USA,2024-01-01
955,Customer 955,,555-0955,955 Main St,New York,NY,10955,USA,2024-01-01
956,Customer 956,customer956@example.com,555-0956,956 Main St,,NY,10956,USA,2024-01-01
957,Customer 957,customer957@example.com,,957 Main St,New York,NY,10957,USA,2024-01-01
958,Customer 958,customer958@example.com,555-0958,958 Main St,New York,NY,10958,USA,2024-01-01
959,Customer 959,customer959@example.com,555-0959,959 Main St,New York,NY,10959,USA,2024-01-01
960,Customer 960,,,960 Main St,,NY,10960,USA,2024-01-01
961,Customer 961,customer961@example.com,555-0961,961 Main St,New York,NY,10961,USA,2024-01-01
962,Customer 962,customer962@example.com,555-0962,962 Main St,New York,NY,10962,USA,2024-01-01
963,Customer 963,customer963@example.com,,963 Main St,New York,NY,10963,USA,2024-01-01
964,Customer 964,customer964@example.com,555-0964,964 Main St,,NY,10964,USA,2024-01-01
965,Customer 965,,555-0965,965 Main St,New York,NY,10965,USA,2024-01-01
966,Customer 966,customer966@example.com,,966 Main St,New York,NY,10966,USA,2024-01-01
967,Customer 967,customer967@example.com,555-0967,967 Main St,New York,NY,10967,USA,2024-01-01
968,Customer 968,customer968@example.com,555-0968,968 Main St,,NY,10968,USA,2024-01-01
969,Customer 969,customer969@example.com,,969 Main St,New York,NY,10969,USA,2024-01-01
970,Customer 970,,555-0970,970 Main St,New York,NY,10970,USA,2024-01-01
971,Customer 971,customer971@example.com,555-0971,971 Main St,New York,NY,10971,USA,2024-01-01
972,Customer 972,customer972@example.com,,972 Main St,,NY,10972,USA,2024-01-01
973,Customer 973,customer973@example.com,555-0973,973 Main St,New York,NY,10973,USA,2024-01-01
974,Customer 974,customer974@example.com,555-0974,974 Main St,New York,NY,10974,USA,2024-01-01
975,Customer 975,,,975 Main St,New York,NY,10975,USA,2024-01-01
976,Customer 976,customer976@example.com,555-0976,976 Main St,,NY,10976,USA,2024-01-01
977,Customer 977,customer977@example.com,555-0977,977 Main St,New York,NY,10977,USA,2024-01-01
978,Customer 978,customer978@example.com,,978 Main St,New York,NY,10978,USA,2024-01-01
979,Customer 979,customer979@example.com,555-0979,979 Main St,New York,NY,10979,USA,2024-01-01
980,Customer 980,,555-0980,980 Main St,,NY,10980,USA,2024-01-01
981,Customer 981,customer981@example.com,,981 Main St,New York,NY,10981,USA,2024-01-01
982,Customer 982,customer982@example.com,555-0982,982 Main St,New York,NY,10982,USA,2024-01-01
983,Customer 983,customer983@example.com,555-0983,983 Main St,New York,NY,10983,USA,2024-01-01
984,Customer 984,customer984@example.com,,984 Main St,,NY,10984,USA,2024-01-01
985,Customer 985,,555-0985,985 Main St,New York,NY,10985,USA,2024-01-01
986,Customer 986,customer986@example.com,555-0986,986 Main St,New York,NY,10986,USA,2024-01-01
987,Customer 987,customer987@example.com,,987 Main St,New York,NY,10987,USA,2024-01-01
988,Customer 988,customer988@example.com,555-0988,988 Main St,,NY,10988,USA,2024-01-01
989,Customer 989,customer989@example.com,555-0989,989 Main St,New York,NY,10989,USA,2024-01-01
990,Customer 990,,,990 Main St,New York,NY,10990,USA,2024-01-01
991,Customer 991,customer991@example.com,555-0991,991 Main St,New York,NY,10991,USA,2024-01-01
992,Customer 992,customer992@example.com,555-0992,992 Main St,,NY,10992,USA,2024-01-01
993,Customer 993,customer993@example.com,,993 Main St,New York,NY,10993,USA,2024-01-01
994,Customer 994,customer994@example.com,555-0994,994 Main St,New York,NY,10994,USA,2024-01-01
995,Customer 995,,555-0995,995 Main St,New York,NY,10995,USA,2024-01-01
996,Customer 996,customer996@example.com,,996 Main St,,NY,10996,USA,2024-01-01
997,Customer 997,customer997@example.com,555-0997,997 Main St,New York,NY,10997,USA,2024-01-01
998,Customer 998,customer998@example.com,555-0998,998 Main St,New York,NY,10998,USA,2024-01-01
999,Customer 999,customer999@example.com,,999 Main St,New York,NY,10999,USA,2024-01-01
1000,Customer 1000,,555-1000,1000 Main St,,NY,11000,USA,2024-01-01
